pu6qfd3ykq,gift-_-Hospital-1000,,Hospital,1000.0,2019-06-03 13:28:59,2019-12-03 18:23:51,year,,g4bwbioyen,gift
ivkvc6uy1t,_-Check-Art-900,Check,Art,900.0,2019-01-07 00:54:43,2020-08-14 00:23:31,quarter,,nd8k7q80ni,
s2g7s7n0od,debt-_-Check--4900,,Check,-4900.0,2019-06-20 14:16:00,,quarter,,1z9yugueao,debt
wkwhol7euq,tax-ApplePay-_-2300,ApplePay,,2300.0,2020-02-09 19:07:53,,year,vsangziifhywoikwodsjbfrfevnbmljpqcktikghupiydhtznr,t8tj6gsgpj,tax
fnljrgkle7,clothing-_-_--4900,,,-4900.0,2019-01-18 13:40:16,2019-10-11 14:07:44,half-year,xhjibcphuurzdujdrnxqodjkgmgkfcysbwmwhzgqotmzuntwdv,wsitvftwvy,clothing
yirq3zui3f,food-Art-Venmo--900,Art,Venmo,-900.0,2019-10-22 16:57:45,,year,,58dz2heqsi,food
ojgimkonuo,health-Alipay-_-1700,Alipay,,1700.0,2019-07-31 23:21:02,,,glfmhhwsuvngayazrplpwinmlgritmnojanwbbrirjyaifhlmz,ybu07m6wpc,health
4u5032ekzd,health-Alipay-_-1300,Alipay,,1300.0,2019-12-09 22:24:21,,month,,uwfiu26q70,health
ezp9w1xrs4,_-_-Cash--3400,,Cash,-3400.0,2019-11-13 15:10:14,,month,,ra2cent72s,
1cy8uqee2i,food-Check-Art-1500,Check,Art,1500.0,2019-01-25 18:44:12,,year,,oeeeokbgcc,food
or26e9v6e6,_-_-Venmo--1000,,Venmo,-1000.0,2019-01-21 12:42:40,2019-09-08 22:45:06,month,,w1osl71fpl,
60j3pot8w6,food-Paypal-_-900,Paypal,,900.0,2020-06-20 04:53:38,,quarter,vbmbgleqnikzryjfbtpkdbamlpiptkteqyssqafutfeqgyjpvq,frmk95e33s,food
h1x3wokscf,_-_-CreditCard--3800,,CreditCard,-3800.0,2020-07-20 04:56:04,,,,89w3fr3te9,
0h7br2346q,_-Cash-Hospital-1500,Cash,Hospital,1500.0,2019-02-09 03:33:17,2019-07-01 07:33:25,,yxspyzymzkyhcggbsspzrrugaucwjgvsbymyqtgptjvicgbbiu,m2qwuz01p2,
uolnaqvthu,_-Alipay-_-1900,Alipay,,1900.0,2019-07-07 00:24:26,2019-07-25 19:15:34,year,,k3ch7wv1wo,
vehngfnnmh,_-_-_--400,,,-400.0,2019-06-26 21:03:17,,half-year,mhufzficvdyggcxvrmqsefvbieeazksnlbzpaumunjlfcacipr,covwjv53yv,
hmoji4xlad,_-Check-Company-1300,Check,Company,1300.0,2019-08-17 03:54:38,2020-01-24 03:05:13,month,,u05yh2j998,
gbjbfxu55h,_-_-_-3600,,,3600.0,2020-05-07 12:06:47,2020-06-24 16:09:32,week,qqyknaismcxdivxjdwjaetgfoljvfjylgfzrvvebyxdvmzjees,bwshuh0fgt,
g21ycsppuk,debt-Paypal-Art-4700,Paypal,Art,4700.0,2020-01-02 01:54:32,2020-08-16 20:10:36,half-year,,5a02oklpo7,debt
ectjt8syiz,finance-Cash-_-1900,Cash,,1900.0,2019-04-30 18:39:03,2019-11-09 22:20:13,week,sftcgrjpwwbjtivaugzarrpceruvssyyxpxcpcpbeyulzxytwt,qn3q7n6dn9,finance
2mapbe06ha,housing-Art-_--3100,Art,,-3100.0,2019-10-16 20:49:03,,month,,hqm6tfg619,housing
3va28jj0e1,food-Alipay-_-2100,Alipay,,2100.0,2019-05-08 06:40:37,,year,dnfiadnogsyijjidwdmqtcrrgegxghuzqhaohjfrjcsosmsakz,7rt2aaqtmi,food
9nn8adgxnj,gift-Art-Check--4200,Art,Check,-4200.0,2019-04-28 18:11:11,,month,vycrxjgtecaqeyvaiqxusdiyfvmrpxtcchgjicayqywfkvxndd,p2zwqxr5f3,gift
vufd95ear8,_-CreditCard-Art-400,CreditCard,Art,400.0,2019-06-25 09:34:10,2020-03-15 09:21:47,quarter,jwkzfipmvdsmrdvfyldrinascjiypjffndigrdpomqwlcsqdog,w382xmxxta,
jir6h52rc9,housing-_-Cash--4200,,Cash,-4200.0,2019-05-12 21:05:20,2020-06-18 15:53:25,month,pvzobpsjjrhwoldbqgxyzzadsujkqfwdmetmjpmhyumsgqpeqf,ie97wghbra,housing
gsk5dgxf3u,_-Check-_-3400,Check,,3400.0,2019-02-23 20:14:46,2020-12-15 18:08:50,,ktsolqptzssnsolmxpoxzxgnwfvfeqmzpzjbiveurpzupllfen,4ai8ktdf06,
0y9fy26vk2,health-Cash-Art-1200,Cash,Art,1200.0,2019-09-10 08:36:01,2020-05-05 11:04:47,year,,910496k6sv,health
d1hojxigfk,gift-_-Paypal--3200,,Paypal,-3200.0,2020-06-10 23:09:40,2020-12-03 15:43:20,,ejigerhdhnajpdiqsbvsmsmrrfgyoiaectmdszclzamhfdqqtf,dy57mtqxo6,gift
atg4mlgkus,_-_-Supermarket-4500,,Supermarket,4500.0,2019-10-09 08:55:38,,,,nin7rny69n,
mx74o3m4t8,_-GooglePay-Art-2700,GooglePay,Art,2700.0,2020-03-19 01:12:43,2020-09-28 22:03:27,,,9r2olz4hrr,
bev7uv6537,gift-Company-_--3900,Company,,-3900.0,2019-03-31 10:37:04,2019-10-19 02:23:49,week,mpcjxzmmxplkaxptqubnmhuuwhnzzrgpcyljkoestyncmzlyjt,ef7ceoicta,gift
kgks0m95va,_-Company-Cash--3600,Company,Cash,-3600.0,2020-03-16 17:04:40,2020-10-06 09:26:49,half-year,kyordawtmooounfnvrlkvquhjsehbtuivdqjpwhnmpmxkmuall,fu6e6nsh3k,
gb2zleolbs,gift-_-_--2200,,,-2200.0,2019-07-18 10:57:09,,week,iemqhmsjghgoauhpvvojdeapvekclrrohcksystoxzfedccxrs,el07hh4p9d,gift
988oxmcb6j,_-ApplePay-_-4500,ApplePay,,4500.0,2019-05-23 23:20:43,2020-08-29 10:25:46,,gxfcoassezdyljqytlhqgkgvefhojzzskzsjgfearpicuorser,qccx600dmb,
14ay7lzvvl,_-Check-_-800,Check,,800.0,2019-04-17 11:17:19,2019-07-07 10:27:00,year,,z95g49wvga,
vm62dpybom,gift-_-Check--1400,,Check,-1400.0,2020-06-08 18:16:17,,quarter,,nai75ty88e,gift
yp80ucbkzs,debt-Cash-Art-4200,Cash,Art,4200.0,2019-11-18 07:22:10,2020-03-30 02:53:38,week,ptwvkwdifdpcqwlxohgeeamglfuodiynmwvfvfgjxbjlkmjuoj,02c4li45yc,debt
qvfw825nzx,_-Paypal-Art-4300,Paypal,Art,4300.0,2020-05-09 17:52:38,2020-12-31 05:34:05,week,lzzfppmokuwammjhsuwpoelsmjclivrmcdbpynavnnekazaxpc,qrtw3oohf2,
nc4dy68twx,gift-_-Art-4000,,Art,4000.0,2019-11-22 09:18:40,2020-12-24 20:19:02,,nwrtdyafapvkgzqvsfouamnkonefhivurufyxpevelxshzgqgi,51whmqqem3,gift
8fl5sl1bbu,_-Art-ApplePay--200,Art,ApplePay,-200.0,2020-04-21 21:16:18,2020-07-30 01:21:33,quarter,xbpzdlhrbwvkqjrhqhmlhymnyyumjtjdkuzmgstkzqljgsywmn,jfelwa65hc,
3n2tz2jvvi,tax-_-Check--1200,,Check,-1200.0,2020-04-16 19:38:36,2020-12-12 08:22:50,half-year,,1kck1ev84v,tax
q43pyn4dbo,gift-Art-Check--1500,Art,Check,-1500.0,2019-03-07 05:44:35,2019-07-04 21:19:03,quarter,,ide9verjwp,gift
4cxzqvh02b,_-_-Hospital-1500,,Hospital,1500.0,2020-01-05 13:26:38,2020-02-17 08:41:39,week,mkullsdhvaaklxolqsrbzruwtlvqqhtcyofugzporeowwgzezn,6k2gha8pwt,
206rsqmao1,food-_-_-1300,,,1300.0,2019-08-27 04:13:43,,,nzuobvyzdkwmxjufpgmusmpboukokovaxaoxdxerbwyxrdwamt,3j29jcl6cu,food
jykzbyeyod,_-Apartment-_--3000,Apartment,,-3000.0,2019-07-07 04:17:16,2019-12-19 02:08:40,quarter,wcpoabkesirnofvahinuewetqpcpxrlpyrfschrsbljkrzmvjm,2m5mwizlj6,
vykhpfp5ks,_-_-Restaurant-300,,Restaurant,300.0,2019-09-02 08:00:58,2020-07-31 20:17:40,week,begcgakrflonrqdtxporjydmazpzdrfmmsjdssovnbplmxduwy,el07hh4p9d,
ir3lflh26z,_-University-_--2000,University,,-2000.0,2019-05-22 10:25:53,,month,iyrbqckoyaogsffbvnizibqggwksdtwzaglhjpqppilhqtxger,nai75ty88e,
4p3d4gdnju,finance-_-_--4300,,,-4300.0,2020-02-08 16:45:00,2020-07-09 14:25:14,,,zlpmivv00y,finance
z2q0gz8stm,entertain-_-_-3700,,,3700.0,2019-03-31 10:07:44,,month,wcabchfnekwlhxmeznggmrihbrfqnuhixxomgazugvmllnpqev,4hujqhd549,entertain
ka4wf0lvn7,tax-Alipay-Art-2200,Alipay,Art,2200.0,2019-04-16 18:15:06,,quarter,,jzgqyzi021,tax
mpgpj8l67o,_-_-ApplePay--1500,,ApplePay,-1500.0,2019-04-15 11:03:19,,quarter,qksjzjuttduwupgisfeapumoqbaazxovmdeahswfykwxuhflai,9r2olz4hrr,
7uuxk2twqx,_-Check-Art-900,Check,Art,900.0,2020-04-20 09:29:23,2020-11-20 08:54:33,week,,ehwbwwlaox,
cxp74csxz7,transport-_-_-4100,,,4100.0,2019-03-22 12:43:31,2020-01-14 03:06:43,year,,erair5vfrx,transport
xvcu34co5c,food-_-Company-2400,,Company,2400.0,2019-07-09 12:06:03,,year,,g4bwbioyen,food
aefvj1djbf,gift-Paypal-_-300,Paypal,,300.0,2019-02-06 02:14:38,,half-year,zkiuaungjonwrkqlyqnprtiblnszdllmjeuftjmprjcuyvdmoe,p9ucnlyfx4,gift
13m91z6jt1,_-GooglePay-_-3300,GooglePay,,3300.0,2019-01-09 07:17:53,2020-02-27 06:06:17,year,yykoevjpyspjlfaiecjvswzbdwrfwmjjdjepaduiryzsngkpfk,8vzjln04gj,
3uyp4xvrdy,_-Art-ApplePay--2200,Art,ApplePay,-2200.0,2019-06-13 10:44:18,,quarter,,j3b74z60po,
o0x722u92x,food-_-ApplePay-0,,ApplePay,0.0,2019-08-18 19:21:22,,year,xgfitmtwabcjvqhnqgcaumkaadmuyglebgxldmdulewavqfgfu,ugi3w6ie3z,food
wgmxs2vg74,household-_-_-700,,,700.0,2019-04-06 12:11:31,2020-01-15 06:32:10,month,,0llevokdal,household
6assmcz1kp,_-_-University-1200,,University,1200.0,2019-01-24 13:56:49,2019-02-13 23:45:15,year,,csfrufch02,
mo7ovg61ir,food-Check-Art-1800,Check,Art,1800.0,2020-02-11 00:54:28,,,dmfqsjlputyypvisykjiwwucoczdprgpmpxkbcobkwsqqxrgid,hd7cfgijnw,food
10ok69md57,_-Hospital-_--4700,Hospital,,-4700.0,2020-07-12 05:48:40,,half-year,,nm8o9mmq6k,
onlqol9pd7,_-ApplePay-_-700,ApplePay,,700.0,2019-10-05 13:02:00,,half-year,,51whmqqem3,
5ntjx73dov,tax-Check-_-1700,Check,,1700.0,2019-02-05 02:53:02,2019-08-17 05:46:39,month,jplbtkqfjwfkncqwqkegohuwjgooxkfirpqnfjshbwqutkkdbm,pete0y4qny,tax
gzv01boe7t,tax-_-ApplePay--3500,,ApplePay,-3500.0,2019-02-09 10:11:43,,year,,8j6yfp309u,tax
1hx9fx0exb,_-_-ApplePay--2800,,ApplePay,-2800.0,2019-02-02 13:00:24,2020-10-29 23:15:26,half-year,yswxybnmdacmnyjwgqhssmtbzhwanbqyxqcsmkqpzdpdsckjbg,as8d2wiwe8,
oy6rou966k,debt-Paypal-_-2600,Paypal,,2600.0,2019-02-09 21:07:50,2020-06-27 16:36:11,quarter,,x18la0iiyx,debt
xb1fr3v0nc,_-Art-_--3100,Art,,-3100.0,2019-05-03 23:23:23,,quarter,bfvorrlymppqfmhuaibyurrmegsvwdyiirbqzhayqfmmtkztqo,ozpmio6wsk,
75bfz897ng,housing-Cash-_-1300,Cash,,1300.0,2019-07-02 15:23:17,2019-10-28 01:05:39,,srazfpmievvysxrqrgebsfoxlaudoljnpkrjwfzzseugldiwjz,9135q4nvrc,housing
43em66xo5w,tax-Alipay-Art-4900,Alipay,Art,4900.0,2019-12-05 20:10:19,2020-06-05 02:28:54,month,esoibbnvyxfzkwdhpabpiljadwhybhuzcshkkmzwhvjyodiuif,4mmszdexal,tax
6tnzb7cthz,tax-Art-Alipay--4300,Art,Alipay,-4300.0,2019-07-02 06:01:00,2020-12-12 14:31:58,half-year,,kiiz700liu,tax
yxvn8flovt,finance-Cash-_-4500,Cash,,4500.0,2020-09-18 09:38:05,2020-11-26 14:12:32,month,wapkbiflzsrjwtsmofkcxlxqhpywijrxxmvjdkgpyqegjqsyug,vrrz2g063l,finance
rfgsirhovw,_-ApplePay-_-3700,ApplePay,,3700.0,2020-05-01 11:04:43,,week,bjpteoofcfgtkmyyxotdmacncwhdryemkuzegwowtkdxmrjknc,pfgmct1qf6,
etbj0lw6o0,debt-_-Alipay--4100,,Alipay,-4100.0,2019-12-19 01:45:30,2020-08-14 19:41:16,week,,14btjei1vf,debt
i3z7pp0fq6,_-_-Venmo--3600,,Venmo,-3600.0,2020-06-02 20:27:39,,month,uymwkzvsffmpnfjymoheqqvgueqksxgjgtzhhraejqcucohsbq,zfljph97tp,
n80dgwfz6m,tax-Art-Cash--4000,Art,Cash,-4000.0,2019-09-02 03:13:20,,month,pwrvabwnqvkkdvozspuqubakfsxmzjmenoubvcupwfohttfxwo,4ai8ktdf06,tax
ksjyctbku4,_-_-Alipay--300,,Alipay,-300.0,2020-01-12 06:56:02,,,,wal2vxom6b,
q29dd0f9j3,housing-Cash-_-300,Cash,,300.0,2019-02-20 13:02:56,,quarter,,q6u2ikp99q,housing
6mp3nrx9ei,gift-_-Check--2300,,Check,-2300.0,2019-11-16 00:45:36,2020-12-31 22:44:52,,,rbhrcaqz7z,gift
snp15iez1a,_-GooglePay-Art-4200,GooglePay,Art,4200.0,2019-07-08 17:04:25,2019-10-31 18:59:17,quarter,hqsjwtxeepyqagxlunfbkcufydpzvhzvzpysdnfmyrrczvytbv,idj1f7db50,
x4zlqesmij,housing-_-Art-3500,,Art,3500.0,2019-08-08 07:56:27,2020-05-05 22:04:12,month,qpiqpeepgbeagifaspibfhovmonjlmmkhfcvbwauccsdlalshd,wf8qas7pkk,housing
w0jglw7qqy,debt-Cash-Art-4300,Cash,Art,4300.0,2019-04-05 00:55:17,,half-year,,22m4q4m2kn,debt
7tlob99sq8,_-CreditCard-_-3800,CreditCard,,3800.0,2019-04-06 13:23:52,2020-02-20 18:38:29,year,,25vjedddoz,
96rgie6zog,_-Company-Cash--3300,Company,Cash,-3300.0,2019-02-25 02:06:29,,half-year,snniiejoacbsvyvxosygkrrtxccnvcdxhhfjuxfzfwtuapnnvc,h888rs4uuv,
a7qeh934ww,utilities-_-_-400,,,400.0,2019-07-14 00:25:12,2019-09-28 21:39:26,month,,vk7ewlxhk2,utilities
e7uv16d0ml,gift-Cash-Art-1100,Cash,Art,1100.0,2019-06-14 16:48:46,,quarter,kfblbwdpveyyzxwdnabhawolqejfzcvovrjefnqcjtnnnitkbt,hk81mb2f8w,gift
qxvcxxhycz,entertain-_-_-4800,,,4800.0,2019-01-24 05:06:22,,year,lnibmjuganzkygpfdndiqfvrsfvjcwmtkhuattletxetuwpkgj,ioq5tjrnfi,entertain
p19dot759v,housing-Venmo-_-2200,Venmo,,2200.0,2019-05-31 11:17:35,,half-year,,ngovgtk5zi,housing
m8y5qyegta,_-Cash-Hospital-900,Cash,Hospital,900.0,2019-03-09 17:57:17,2020-07-30 10:43:03,,novlvohoioqxobnsajtwituskaxatnmukqniehlndoryfdfsgp,bdd0t2vb9y,
m51b0b56zn,education-_-_-400,,,400.0,2019-03-23 13:51:42,,month,,m332lmmw3a,education
9f8j88m9xs,_-_-Paypal--2100,,Paypal,-2100.0,2019-06-16 14:14:58,,year,fnlejzkuespvwwsunobyhmpxkdjuyxhityaqcavixhuinxlfoz,avt8ota0we,
gy9kfdvyhi,tax-CreditCard-_-500,CreditCard,,500.0,2019-06-27 07:10:20,2019-11-30 20:26:24,week,mlqmoaphhaqibrkjxqstamocnvghsstiaittwmxrtsnpjnxfxw,25vjedddoz,tax
d4ppsrcqg8,housing-_-Art-4800,,Art,4800.0,2019-11-04 15:09:50,2020-07-22 02:01:50,half-year,mwceoqwbdvudekladtvknxwqowblfgwgncdvfcawemwvuptuoy,h35im6k2a2,housing
llmei869qb,food-_-Venmo--4100,,Venmo,-4100.0,2020-04-19 17:03:06,2020-11-28 01:40:48,week,gxxkuztottydxzidjdtetvkpafaurcjyuzwcqtsenkgldibvnp,vymmxaxw6m,food
kkwm11az1f,food-Venmo-_-4300,Venmo,,4300.0,2019-12-05 06:48:15,2020-05-24 04:30:46,week,wrvpqueagenhayqotayocdjqhtvpatbeflqrzuluwwzzwhyiob,wzfzf4debu,food
gul771r06b,food-Company-_--700,Company,,-700.0,2019-12-12 03:27:10,2020-02-10 11:18:26,quarter,pvzxwmmfotbbowckakjcezixfgmtkskmxruntoenljlnwnzwda,jwxssu5z1k,food
jri1dg8gyr,tax-_-_-4100,,,4100.0,2019-03-03 23:39:08,2020-09-23 01:28:21,year,,0nywujx2eu,tax
yas1nn3aj2,tax-_-Cash--3500,,Cash,-3500.0,2019-03-21 13:02:02,2019-09-11 05:22:19,half-year,,1ah65r9toh,tax
ylednsueou,_-_-Art-3800,,Art,3800.0,2019-03-03 01:57:29,,half-year,,cmyme6ns86,
d9wdrg351m,debt-Check-_-4300,Check,,4300.0,2019-06-23 02:06:07,2020-08-02 13:51:54,week,urujarbztsgtiwkmihtbhyvvqxuvfkwxheofthagfhgsximmwn,ohzvdph4pp,debt
y63ojfg854,education-Art-_--100,Art,,-100.0,2019-07-21 10:47:48,,month,zuprrekkunxdtgtgykwuhxblhanunulewojwbrfcbhiqvcybbx,ruwapz3ble,education
mhagqqb6qj,_-Cash-Hospital-3700,Cash,Hospital,3700.0,2019-04-11 13:56:19,2020-01-06 03:00:54,quarter,xjvpbxcvnxtsrtyrfvpcmrvcjsdpihdzhafoijvcipuobdpdzv,5h1b2x8vck,
miy72u05ka,debt-Art-Check--4800,Art,Check,-4800.0,2020-04-04 03:19:34,,quarter,wsguyxmbqynaqrcxsmvytlwbzyywrkgemdzqlnfaowvnqubjhw,t0x8lfhizr,debt
kt50w13zok,debt-Venmo-_-3700,Venmo,,3700.0,2020-05-15 20:51:29,2020-08-19 15:16:47,week,,3ngb6139cr,debt
5ay9jh66fz,food-_-Art-5000,,Art,5000.0,2019-11-17 21:38:06,,,afxglaltapovawfyxcbnztlqrbpupvihkujcbxvocdpdrkazia,0qaxic6n2r,food
rx4xwhi1fe,_-Art-Venmo-0,Art,Venmo,0.0,2019-08-12 01:02:11,2020-12-18 18:08:17,week,,anwo3un063,
ddcejuyn3w,health-Art-_--2800,Art,,-2800.0,2019-02-01 21:11:48,,half-year,dnshtaftnikqagmibetumkrtquedxbqofxejzpcgruyfgnvgtr,w1ikx1cpcm,health
sex639aong,household-_-_-1500,,,1500.0,2019-04-02 04:42:28,2020-11-27 01:51:03,month,,xlvrl449oc,household
ckacv5kkya,_-_-Alipay--3700,,Alipay,-3700.0,2019-10-13 08:02:39,,year,vpzneofhkdrmsbmsakbwqrdczhwvbmranklqrtwarqnfpwgzah,q3xzqp4aru,
rcbkbc3y7l,tax-Check-Art-1800,Check,Art,1800.0,2019-06-21 20:25:59,2019-07-28 12:29:53,week,,98e4ui8jnc,tax
xgutx4w2dh,transport-_-Art-1100,,Art,1100.0,2019-12-21 02:49:52,2020-11-25 03:46:18,,,j61lx1ywn5,transport
kwaxsny6ha,debt-_-Venmo--4900,,Venmo,-4900.0,2019-09-03 23:31:23,2020-11-07 10:58:59,year,kcrxtfjxtjsfrqitmptqbxnankakxlhwleqqktszhojbpxatpt,e8cnutnlm5,debt
j7389rkp25,food-_-_--900,,,-900.0,2020-04-15 21:34:56,,week,ihmmyzrqbfezxfhwutghpokmukpdekgtcnauqsbuogvsbenhyo,f3k6cd5dwh,food
wg61uh9an6,_-_-University-3200,,University,3200.0,2019-12-03 05:12:45,2020-09-29 02:36:03,,,vgt4z5c14o,
lsvvxpggnq,education-_-_--4800,,,-4800.0,2019-06-27 16:11:47,,half-year,guaetxjxsaqmvgjweuoabpsekkkpoqvdtuxqccnxcxijvqklnx,da0lezlz4k,education
fnpw1ktv59,housing-_-Cash--4100,,Cash,-4100.0,2020-10-12 13:03:57,,month,,sg1qrhw68e,housing
ik5cqahe1w,_-Check-_-1500,Check,,1500.0,2019-03-13 23:44:46,,week,xbvxmklhafppbzmhruevhwfinpvkbytulzbbwjcpesoqsmcadk,j4ac4fsoz3,
o45fj3zm66,food-Company-_--1100,Company,,-1100.0,2019-05-29 00:29:55,2020-10-30 10:54:27,quarter,,xzj085gq1w,food
qq33l9qyh1,_-_-_--1500,,,-1500.0,2019-11-10 19:37:05,2020-04-14 02:37:59,,lchqesywujfrqinmromhwgytdpyhrcouvinlshrllianydbcrk,bq74rcbj8b,
ld5azwpoig,finance-_-Cash--2100,,Cash,-2100.0,2019-06-20 20:21:36,,half-year,,lgpw7cv9po,finance
f6korup4rf,food-Paypal-_-4000,Paypal,,4000.0,2019-04-23 10:49:12,2019-07-01 02:59:44,year,xpfsnhggpscqksqzaajtpnmhktuizbhlwruahcbgdhbvjjmzyy,zkd62876am,food
mvxkthfpji,food-ApplePay-_-3600,ApplePay,,3600.0,2020-08-07 03:55:23,,month,,gwe7rm4zmf,food
3tu6or8kim,_-_-Art-1800,,Art,1800.0,2019-10-31 06:33:48,2019-12-06 05:04:05,week,,dmc5akgk7n,
swh4xl83e1,debt-Check-Art-1900,Check,Art,1900.0,2019-05-24 10:02:32,2020-01-27 12:56:01,year,drbvnxuloeurijviyndihynncftiobrkjibprpjfujaeovifso,l3sigliqsr,debt
t62hb1dl4y,insurance-_-Art-1100,,Art,1100.0,2019-10-04 23:49:08,,quarter,symysrqldhmnupbxxhcgaucljcxxyvoukjezekvpfqkiagpnyp,9l0mrawauv,insurance
l5qdhlgbx7,housing-Venmo-_-4100,Venmo,,4100.0,2020-03-22 09:05:33,2020-10-14 06:32:35,half-year,,7uo6pqb6ku,housing
cp6dmcudx2,finance-Venmo-_-1400,Venmo,,1400.0,2019-09-04 12:56:21,,week,,ohzvdph4pp,finance
wnrouvd53t,tax-Art-Paypal--2700,Art,Paypal,-2700.0,2019-02-22 21:53:04,2019-04-17 16:57:11,week,luflzxpdzzhfnytkoxctwdiwuwyuhuwmveirfazacudjmtpfoe,j4ac4fsoz3,tax
rfxw3g1oei,transport-_-_--4400,,,-4400.0,2019-03-28 07:48:27,2019-05-27 10:22:16,week,puvvmjhzlkciuewyutlcrlatvanymsijuhjrckdhxrfamhsxgz,bs1mbjbvoy,transport
z5vtpgn5qg,health-Art-_--2900,Art,,-2900.0,2019-02-26 05:02:35,2020-09-25 02:48:57,week,,mrvzrriuhu,health
vx5ypzdlj5,_-University-_--600,University,,-600.0,2019-05-27 16:51:00,2020-08-13 03:06:42,quarter,,4uknedmb5w,
uufpaps2u9,food-_-Art-200,,Art,200.0,2019-10-25 12:31:06,,,dsslutoyoblcwxasljufqiuoeguwxtxuftqwjfmlxlefeppexx,yiq9miy4x4,food
pbl0tngp8c,_-_-Restaurant-1700,,Restaurant,1700.0,2019-04-14 08:16:20,,month,vqxjptcxwmvqbigsfgvoajflzbooovrbvqjvpsllmpjrjybhqr,j4ac4fsoz3,
fzktzhp61q,gift-Company-_--4500,Company,,-4500.0,2019-01-21 08:22:07,,year,qkgysoxzgdhfgzlserwvcachsxfjbhomajdxulgealhloxiqov,8vzjln04gj,gift
xtdvf620ly,food-ApplePay-_-3300,ApplePay,,3300.0,2019-04-25 18:47:40,,,,i7hkci7rso,food
s66oprrvag,food-_-Paypal--1200,,Paypal,-1200.0,2019-09-02 20:32:25,2019-10-05 12:56:01,year,yfueidmclooooqwfgguvhyfultgaxfajgujzsogqvihiwwgkks,v2zeufvutu,food
x01rgr6f7a,food-Alipay-_-700,Alipay,,700.0,2020-03-11 04:31:39,2020-07-17 03:43:05,month,,t9if190vzm,food
7wp1k9uubh,food-Paypal-Art-4700,Paypal,Art,4700.0,2019-06-07 22:18:29,,,fzcoaesmcnrujlbrgrwpuoaoafthpmrggmfxxzesozqnbcxzku,fw3m7rr3ck,food
3r2xntmpbg,entertain-_-Art-1800,,Art,1800.0,2019-06-22 18:51:47,2020-09-07 17:11:28,year,,bpp54v7lup,entertain
apb6hjvrq7,food-Paypal-Art-2100,Paypal,Art,2100.0,2019-02-06 21:17:28,2020-04-06 06:59:05,year,,ct20q9wu8k,food
b13x6bi5zs,debt-Check-Art-900,Check,Art,900.0,2019-07-21 01:23:17,,,vdgmebbgbouvrevvqcfkgosgvhkaoxfoqvjsfcnfcgaztvdmre,cq19sbz7qx,debt
t148oq2d98,_-_-CreditCard--1100,,CreditCard,-1100.0,2020-05-26 23:44:03,2020-10-13 01:54:55,half-year,cqhhlrnutmsgdsrlueoyknstsisunyenswzkmjgttfgiibiaez,3ngb6139cr,
pxrh4fjv6v,_-GooglePay-Art-2100,GooglePay,Art,2100.0,2020-01-16 22:15:04,,week,,3totldb00l,
dc0jjt0iny,_-Check-Company-3600,Check,Company,3600.0,2019-03-18 12:42:09,,month,,825on83dbj,
5v5s7ble3f,_-ApplePay-_-2700,ApplePay,,2700.0,2019-11-15 22:32:09,2019-12-20 05:56:01,month,,d0ky6yny87,
08oki34fd5,_-Cash-Art-3200,Cash,Art,3200.0,2020-05-06 13:33:19,,quarter,hcqyfylwwbietycbpouaxponrigcfoyebbokrlmdrvrcidrzdd,73x48wsfo4,
0pmv5eb3mw,food-_-Hospital-2300,,Hospital,2300.0,2019-07-14 05:09:11,,month,fotfjkiiwoqlwxxxigwlgcisdcmlpndnrgyptmubznctkkpsjq,6utji8hje9,food
4sfuletedd,_-ApplePay-_-700,ApplePay,,700.0,2020-03-21 02:15:14,,half-year,,aggvq3dw70,
nk06p7z4lq,_-ApplePay-_-4400,ApplePay,,4400.0,2020-09-02 20:07:47,2020-12-17 11:43:17,week,,q3skbcoihb,
0f03rlfzbr,clothing-_-Art-3600,,Art,3600.0,2020-03-22 10:10:12,,half-year,,j4qho03xqq,clothing
6b36oxemkd,finance-_-Art-2700,,Art,2700.0,2019-08-13 02:40:37,2019-08-27 07:58:41,month,,c65gbw6h2c,finance
wzilzpccoh,_-Paypal-_-3100,Paypal,,3100.0,2019-05-22 11:57:30,,month,,xlvrl449oc,
y2kggp0po9,health-Cash-Art-3000,Cash,Art,3000.0,2019-06-10 15:34:32,2020-07-28 08:09:26,,vataxdtsgemjzfyvomthnfxpcnmdfbxlthwtgzefbbbrfefiss,8gjzto4xzt,health
0txekgxbdv,_-Alipay-_-1800,Alipay,,1800.0,2019-07-22 03:20:31,2020-11-02 20:59:43,half-year,ruayotljkhscjmtavpuijwxaqwtdctrvlfghbxjlzxmjbvixlz,d6nl6lcnew,
a5ms3ssxo3,_-_-Cash--300,,Cash,-300.0,2019-02-23 11:00:52,2019-12-11 15:09:20,,ennebaijwpueoypqnzfoarcukcymebosfxugvqhpifdludrbdi,x7ezbkifby,
fik4nffx7x,tax-Company-_--4900,Company,,-4900.0,2019-09-11 18:01:19,,quarter,quxichdqvykmmncsylchnfugctseapyscapdapkwwgljjtofds,ab6bj38xnf,tax
hgmwdgsezo,health-_-Venmo--3600,,Venmo,-3600.0,2020-05-05 12:08:55,,quarter,ldoaoroaaffgnlrwwtskbsulqklzahwkaouepylvtptpkcrgis,kpncd6e2p2,health
3edaeltumo,utilities-_-_--1600,,,-1600.0,2019-06-24 23:38:12,2020-10-25 05:43:12,quarter,,bldbc0id2b,utilities
5fvtkb5dio,personal-_-_--200,,,-200.0,2019-06-21 14:01:13,2020-08-27 03:06:19,half-year,jhxzgveskszkbndochdodjfloxvmcmupgwomknnvkxkqockerq,tx89yssf2o,personal
b4rlbn1z0b,_-CreditCard-_-5000,CreditCard,,5000.0,2019-11-30 01:15:16,,month,,5g8ky2uefe,
kaumhqbzxl,tax-ApplePay-_-1400,ApplePay,,1400.0,2020-06-28 15:22:08,,year,,ne5if79zrn,tax
eclo1gouvv,tax-Venmo-_-4400,Venmo,,4400.0,2019-12-23 23:08:39,,,fyjvptvxdtjomwsetxxmgzoqwkcydrnmchkvoyxmtvugctvmml,e7mq82kd3u,tax
915ur4h6q5,_-Alipay-Art-1300,Alipay,Art,1300.0,2019-01-16 15:47:16,2020-03-23 19:56:05,,,o8gvoa8hok,
8u0rslkct0,_-_-Restaurant-1500,,Restaurant,1500.0,2020-07-01 09:55:47,,month,dgnxzfpilykcklsatmztxmnhzmkhuptkqwocovbyvvztymgriz,vopmmyh8qk,
rpbm52spm8,_-Art-_--2200,Art,,-2200.0,2019-04-21 03:19:36,,quarter,tlfixmggpwjqzsirelqiiowhmjbllmjdfsjlvnczhvntnsinzg,oio93csm8m,
9vz4hambtg,health-_-Check--700,,Check,-700.0,2019-02-10 10:42:18,2019-08-07 21:28:20,half-year,zcfpoqnjhvtrbvtmqycqfvwamhpdktnqxxltemqindcvymehaq,erair5vfrx,health
unhugdsj3z,_-Cash-Art-400,Cash,Art,400.0,2019-08-15 14:58:54,2020-12-03 22:32:16,week,drhvzbifdypztnvelmkicdllsqfdpnylpqbrgpttmgvkouddkf,rubz47icfw,
z8ccc6ma6x,clothing-_-_--800,,,-800.0,2020-01-18 19:08:52,2020-05-15 13:47:55,week,wmmdutqxzsvrutmimdbztmdsyhtpabkcpioxbdcbfibovqaegu,xv3i7fqggr,clothing
6fogbct5pc,_-University-_--3700,University,,-3700.0,2019-11-04 07:10:18,2020-06-07 09:36:36,quarter,tpjvosorneugxyfhjfoogyvxrcqcgdyzoszgdslajvmmjfkflb,qv7199smfe,
tynx39p0na,tax-Art-Alipay--3100,Art,Alipay,-3100.0,2019-03-14 13:53:11,2019-05-13 15:13:22,,smukdzeknnhckogayxsklqxpxxisexrfcgirfkvtwhgujsttzh,l26uw2o289,tax
xict3n3n4u,tax-Art-Alipay--2300,Art,Alipay,-2300.0,2019-05-14 03:53:51,,,eqxzazjwazafkvxmoifcfwkuadwchwqkwpdqwsgilsjktwkwck,vk7ewlxhk2,tax
nxmtknoxzm,_-Venmo-_-400,Venmo,,400.0,2019-02-17 16:24:13,2019-05-08 11:33:57,year,uyevsvcpvwzmdvaxgezugoyovgwfzjsfhoqgdmrsorykzpiwrd,vkifwcsa1w,
knzjm2x288,_-University-_--4300,University,,-4300.0,2019-07-11 02:45:46,,year,,lg7ctbpvlh,
inlyrb1e19,_-Art-Paypal--2600,Art,Paypal,-2600.0,2019-10-30 13:18:26,2020-04-21 18:39:04,month,axvyalqymdlrrczccpqdibwgxuvwdsjaprkhgtjpvoeuszstnq,56vdlij7d9,
w5yxm0oulg,_-Cash-Company-5000,Cash,Company,5000.0,2020-04-08 09:19:36,2020-08-28 17:48:28,,exshitnlwbxdtrvvulzzcvzkgflndvmzqqfcwdhlomodwaeuuj,orcsk0nlhu,
elq187cdiq,food-_-Venmo--4500,,Venmo,-4500.0,2019-04-04 02:53:19,2020-04-25 13:31:10,half-year,,w18lvfi40i,food
ec61kuw70c,_-Venmo-_-700,Venmo,,700.0,2019-06-29 07:43:21,2019-09-29 15:35:09,month,ncfqqaqhncrjhbhyrfqrzrqdgxztvyggwnevmjugeuwigsizyi,j2a6ki6y7o,
zh68h3yd0j,debt-Art-_--4500,Art,,-4500.0,2019-01-02 09:54:53,,,,j61lx1ywn5,debt
86qq968a1c,_-Cash-Company-2900,Cash,Company,2900.0,2019-03-19 03:57:47,,half-year,iqowanwwsgneyfputtavfxooeatwfeoacwvguvenxbeeuskijj,f08swhb4pu,
pzo875rifz,_-_-Apartment-3100,,Apartment,3100.0,2019-09-23 06:23:14,2020-09-06 11:26:43,month,kihbmhkxbxvfozfocwutklfwmbuudpinqntlqcstkgqycwrffn,udfmaf0rnh,
omg4480g4r,tax-Paypal-Art-4800,Paypal,Art,4800.0,2019-05-21 04:29:23,2020-01-19 07:53:02,half-year,ypdthxqrlhiiafponzbtezmlgeoompsusmcspqzkleyemgbzip,idj1f7db50,tax
0iwhzwr8sv,debt-Alipay-Art-3400,Alipay,Art,3400.0,2019-06-28 03:26:56,2020-10-29 04:35:03,month,,qv7199smfe,debt
q5oflsvhgj,_-Art-_--3300,Art,,-3300.0,2020-01-16 09:10:46,,half-year,,zlwiwjt55h,
m512kfomfp,food-Art-_--4300,Art,,-4300.0,2019-03-10 05:45:40,,year,,0r28o7t5mj,food
w8j02p3o9t,_-Supermarket-_--700,Supermarket,,-700.0,2019-03-10 03:50:27,2020-05-18 06:31:55,week,,7p41nou5i8,
d4zif4bcil,_-University-_--400,University,,-400.0,2020-02-07 10:54:57,2020-02-22 00:24:14,month,,rdh3nx47sf,
hc8ynl06n0,food-_-Alipay--700,,Alipay,-700.0,2019-09-19 22:46:16,2020-04-15 11:02:09,week,iakoxenazcwklnznqqqzixbkcvqvflicmldeeopiisdhysxtle,z95g49wvga,food
s4w9vhzi0e,_-Venmo-Art-1500,Venmo,Art,1500.0,2019-03-27 03:48:56,2020-02-05 01:07:23,month,fzwnpuhcuctbceexkhasviusnxfcgopdhyvajmhtlaeirgsxrs,ggva0fglfz,
gxl4vr2mxn,food-_-_-1500,,,1500.0,2019-08-31 14:23:58,,month,gxpaufccdzroktbxopolrcmaorkruziotpagrfifuyhihcdzkb,bs1mbjbvoy,food
ak62uswe5u,gift-Art-Venmo--900,Art,Venmo,-900.0,2019-07-02 13:58:36,,quarter,,xmlzba1pdr,gift
aibgiz99al,_-_-Hospital-1800,,Hospital,1800.0,2019-06-02 05:07:23,,week,bffwknwkraooydzvyplloxmbodudlejwnukezlskgxtosvsfxv,hiufh0ekk6,
w2b7urag79,food-Alipay-Art-4900,Alipay,Art,4900.0,2019-10-20 08:24:50,2020-05-24 20:43:08,month,,4m8javuc3q,food
8x4wony1so,_-_-Alipay--1500,,Alipay,-1500.0,2019-08-29 18:26:31,2020-06-25 17:30:12,week,,iyppjude5y,
8j02c78j34,health-_-Alipay--400,,Alipay,-400.0,2019-07-01 03:31:18,,week,lzpdiotbahbzcozbixorioxrdxowlyixzkaibotjxyxeqgvttl,538kh6meu2,health
7w3p1quphq,clothing-Check-_-100,Check,,100.0,2019-07-28 23:58:11,2020-04-14 07:53:06,week,pqsrotxozwegyaphqrsnroivoqmbbylabyduxcjtdgninfzrkh,7m61quoolc,clothing
ps8r7gsoic,_-ApplePay-Art-4700,ApplePay,Art,4700.0,2019-08-17 21:56:02,,week,,fcftt9whbl,
y8g7txbsgy,_-Venmo-Company-5000,Venmo,Company,5000.0,2019-10-07 13:36:19,2020-01-06 21:11:56,half-year,,4i8od2ppoc,
i899o82u38,gift-_-Check--3800,,Check,-3800.0,2020-06-30 07:56:48,2020-11-30 01:18:01,,,ky2sh2vxzn,gift
ubi8b5fidy,finance-Check-_-2100,Check,,2100.0,2019-02-27 16:03:34,,week,qfxrjfwxnqwxtdhrazhjdnjvqgjuterifkejtnwsiukllysmtu,1nsdcvxiqk,finance
jc9br0dra1,food-_-Cash--1700,,Cash,-1700.0,2019-12-20 04:16:55,,,lvoyfyxyywrmmfvaewtzflhkmzxccgfixrqsclbcmcfcjcnedf,odmx2juq41,food
fc1p5p9487,gift-_-Hospital-3700,,Hospital,3700.0,2019-06-21 12:22:08,2019-07-11 04:30:23,quarter,,usmj5pjklu,gift
cuafmlq9ox,gift-Cash-Art-1200,Cash,Art,1200.0,2019-01-23 22:29:51,,year,vkiwcznutqgngtjoqpxmzvzykgfcfmjiyxnyieyuuvougzexho,bzsxzlxyh9,gift
sskvmxyj8l,tax-Cash-Art-3200,Cash,Art,3200.0,2019-05-23 06:31:37,,,,2yn0dpljwk,tax
syd4069ddh,food-_-Paypal--2200,,Paypal,-2200.0,2019-11-14 14:18:06,,half-year,,iaho489hir,food
t5knjn2yoa,health-Check-_-4200,Check,,4200.0,2019-11-06 03:09:23,2020-03-30 16:14:32,half-year,slvnnoqbehjoyadnhlyhpgonfaqmtxykfhpppcqcttnxaotwnr,1qqkooc8yt,health
2nkbunyzec,gift-_-Paypal--3400,,Paypal,-3400.0,2019-07-23 16:38:17,2019-12-27 23:16:39,half-year,,f2i6q6imec,gift
try59sjey2,_-Check-Art-4200,Check,Art,4200.0,2020-08-26 17:06:03,,,xuvclzlebbztxjyfsbsefcsooigftogdhffkffgtkryoyxptnz,8ct6n3299i,
okp8945fga,debt-Company-_--1300,Company,,-1300.0,2019-04-03 14:36:27,,year,,uwfiu26q70,debt
64ycidczpy,_-Check-_-700,Check,,700.0,2020-09-19 17:55:08,2020-10-24 13:53:09,year,,kdq9uy409t,
iwnukone7c,food-_-_-2500,,,2500.0,2019-11-21 14:32:22,,,mgpiwhbvmfzcqzbqbgerwobwswqqocwkddmylrxlkgzvyphwoo,fqtakbabkq,food
t5axdf3ned,food-Art-Cash--4000,Art,Cash,-4000.0,2019-11-14 19:15:14,2020-10-28 01:04:46,quarter,,oio93csm8m,food
690rvpeyhs,health-Art-_--2200,Art,,-2200.0,2019-05-03 08:32:28,,,bfchaoglbrvgvucqqyeweydmibimyrkwmuptaphmozoamtpdla,538kh6meu2,health
bh43ic6zbp,health-Cash-_-3000,Cash,,3000.0,2019-09-12 15:27:14,,week,,bzsxzlxyh9,health
7lv77pha0b,tax-_-_-2400,,,2400.0,2019-03-19 19:14:59,2019-08-20 05:53:34,year,,fqtakbabkq,tax
vgcibqr3kc,_-Company-Cash--2300,Company,Cash,-2300.0,2020-06-04 07:48:04,,month,,2sq1qsmkvq,
f985mm78tf,utilities-_-_-500,,,500.0,2019-08-30 20:05:24,,half-year,,3uir9afutu,utilities
dmfxfnvuex,gift-Venmo-Art-1600,Venmo,Art,1600.0,2019-04-15 02:19:12,,half-year,fopcjfiquvrthqtvpkacmkwdclvzrtpburwduetyfoxtkcpdax,nin7rny69n,gift
y5kefsvai3,_-_-Company-2600,,Company,2600.0,2020-06-08 19:30:16,,month,,5rhhoocgud,
001fy0i5i8,tax-_-ApplePay--1400,,ApplePay,-1400.0,2019-04-05 15:00:29,2019-09-16 10:31:35,week,yswvafictemmuqemgxhgjhknuqcpswadsldranzfjhsrgpgazv,t3oy2vg02f,tax
dcv11fkica,tax-_-Check--3200,,Check,-3200.0,2019-01-11 20:52:22,2020-07-15 02:45:45,year,xbgpwkrmdleprextgzrefznlmavkufoblinufqlawdxihqlppw,99z5k15864,tax
az073bksam,food-_-Paypal--700,,Paypal,-700.0,2019-01-04 16:41:07,2019-12-09 02:41:43,week,xiryoqqymeemsmvwqjplvxzlvgybskfffjfyydegxfelwiffkp,pa0e5tlf3w,food
cp9fx9kyml,tax-Art-Paypal--1200,Art,Paypal,-1200.0,2019-06-30 09:28:00,,week,,bisjkw76q8,tax
gpqavnzxl9,gift-_-Paypal--4300,,Paypal,-4300.0,2019-11-22 23:31:01,2020-05-04 19:43:09,week,xpktodkmvlbfcirldtrekxatwfmlzozbhyqrctqwmmskornufu,o8gvoa8hok,gift
ym9xkwt1r6,_-GooglePay-Art-4100,GooglePay,Art,4100.0,2019-01-25 01:43:05,,week,,1z9yugueao,
4u7ooifya0,_-Art-GooglePay--800,Art,GooglePay,-800.0,2020-10-01 07:05:21,2020-12-07 13:46:28,week,,6k2gha8pwt,
d11o6o9pjl,_-Venmo-Company-3200,Venmo,Company,3200.0,2019-04-24 11:52:40,2020-05-15 07:45:29,quarter,,uknoi9qw9n,
b6qlmwic5n,housing-Art-_--2900,Art,,-2900.0,2019-09-22 09:08:05,,year,pbktfdflcwhzmvnmhzdeerfloxgjxrhdrfdnkcylybslnmnuom,o0wjummvzo,housing
s2txmvxiei,gift-_-Venmo--4600,,Venmo,-4600.0,2020-01-12 07:34:05,2020-12-09 22:03:03,quarter,kzxfbmddsoazcnbbwjngaprlypelekhkybglolzpybdcdztacq,bfqahwxjqi,gift
9k2spn0oxr,housing-Art-Cash-0,Art,Cash,0.0,2019-01-01 16:09:16,2019-10-22 18:43:36,,,7j0noxzftu,housing
kw675yt3zo,health-Art-_--3700,Art,,-3700.0,2019-02-18 11:55:50,2019-11-09 16:52:27,month,,wzfzf4debu,health
6lll0x4ge9,gift-Alipay-Art-600,Alipay,Art,600.0,2020-03-02 05:36:52,2020-08-14 03:34:43,month,,bizjl6ein5,gift
e1vbmsheq9,_-Company-_-0,Company,,0.0,2019-08-04 21:46:41,,week,bdihhzuqnerbcxteoogqatcjgkuyytnaodvdghiftnclaqrtkm,6b0loucxg8,
qjpfpldc13,personal-_-Art-100,,Art,100.0,2019-12-28 02:47:23,2020-08-22 10:42:18,half-year,,wf8qas7pkk,personal
i4qrqjxtjb,gift-Venmo-_-1100,Venmo,,1100.0,2019-12-07 09:39:01,,week,nioxqboesgayfmyzgkhhwmozreiejxbwyxlkvnyzqyhffvjwzu,obmm04wjuk,gift
58cvhoma5v,_-Art-Venmo--3400,Art,Venmo,-3400.0,2019-03-17 03:33:45,2019-06-04 20:20:50,half-year,zahkmbhfvwhmjjwynybwaqeqsmrqidzrgrqxqwfypencrsfves,ozpmio6wsk,
ngt5nzryyc,food-Art-_--4800,Art,,-4800.0,2019-10-06 10:33:39,2020-11-14 13:30:11,year,,k4jgxibev2,food
k0hn0xv4v6,tax-Art-Alipay--200,Art,Alipay,-200.0,2020-02-15 22:58:14,2020-03-27 08:49:50,,,xlvrl449oc,tax
xpbisxve9g,_-Apartment-_--1300,Apartment,,-1300.0,2019-10-21 08:02:11,2020-09-20 11:58:29,,tmvqsxjhmppjplgrhldkpuzpqmuezsprqupcbnggbergctmxae,9985mpxd27,
b8lutb4y75,insurance-_-Art-3500,,Art,3500.0,2019-10-11 15:40:59,2020-09-27 12:08:09,quarter,,ab6bj38xnf,insurance
j4e77nmsmm,gift-_-Check--2800,,Check,-2800.0,2019-04-13 17:31:13,2019-06-06 06:22:31,year,xwynrqvggrlnnuranugwpmdvfuipngwowqbpucrdxredaxejzw,fps6ob0f7o,gift
8l8oxnt8b9,gift-ApplePay-_-4800,ApplePay,,4800.0,2019-06-12 13:24:22,,year,qojajhinagacxejwhcmsenyczdlimflcbpxphikclzxuhdpkzd,nd59fieoek,gift
bl8j50h4rk,insurance-_-_--4200,,,-4200.0,2019-08-21 04:53:13,,month,cpnpwawwcjvvnizrdgrhawmnpfdmiagvmktuvmwsumpmtgppcl,ytb2gm69ao,insurance
bv1ozve8r0,debt-_-Venmo--4800,,Venmo,-4800.0,2019-09-25 09:10:25,2020-12-21 01:01:06,quarter,hmfqybumggmylveippetxfhkrollnqgwolbitynmrndnbihimj,9pzucasz3d,debt
d236a7k3mu,tax-Venmo-_-2900,Venmo,,2900.0,2019-08-20 19:30:58,2020-11-15 00:47:06,quarter,ocipxowzyzzmvqqzohekvavgaahcfkasodufggwpcutmyvslnj,h888rs4uuv,tax
4aoqklcfvs,_-GooglePay-Art-2300,GooglePay,Art,2300.0,2019-10-16 16:56:48,2020-01-05 14:55:26,quarter,yckslvrtfhgftvdbgktqyydgtxywimauhasxktzyawamabtafm,mpxwvxcsxk,
10a1vcmqlj,food-_-_--3200,,,-3200.0,2019-07-04 05:48:18,2020-10-12 20:15:38,quarter,,fridnhzmm3,food
yax97tl3tz,_-ApplePay-Art-1000,ApplePay,Art,1000.0,2019-04-30 04:19:46,,week,,fridnhzmm3,
t64uyehwg9,tax-Art-_--800,Art,,-800.0,2019-03-05 03:27:07,2019-06-27 14:34:14,quarter,rtdrmegyrbiicropmfmftbpysxtawmmwyzycjrcrktlmbqukph,mmhhuxd5od,tax
ghy321vcse,_-_-_--900,,,-900.0,2019-08-20 03:21:13,2020-09-23 10:32:44,week,ingltvaqdxetnozodlqbuzwuhxywxdctpiyfijgksvzrsgaqkw,tr1e196prg,
jw3rr3qiqo,gift-_-Venmo--1600,,Venmo,-1600.0,2019-07-07 03:42:05,,quarter,,da0lezlz4k,gift
ajzn30o4xm,tax-Hospital-Check-0,Hospital,Check,0.0,2019-05-16 04:12:32,2019-10-04 00:12:27,month,vgrmtrcdvhbrgbezgzxzhixcvjmfmzzzmrziufgelynfjxcrud,xc8i6ra4up,tax
7p85kai1wa,debt-Cash-Art-4300,Cash,Art,4300.0,2020-09-28 06:24:00,,half-year,tjscjmdhmsrjzqlyrtswiuftcdyjlqdouuoivkxpfagdoclkzw,6utji8hje9,debt
buadb7uxl9,insurance-Cash-_-700,Cash,,700.0,2019-02-11 01:43:26,2019-12-11 00:48:34,,ppsgvqrhgcylwpjovblzctuvwjdmkdinvhtsqobszwoykghbzp,1qqkooc8yt,insurance
0u7nutqptn,food-Hospital-_--500,Hospital,,-500.0,2019-03-16 16:13:07,,half-year,ibhoyykeyvttisaziuelyahyhkpxfudutyammpjmmpiogfgjyu,u3ejohjz38,food
iwlk2ykazt,food-Check-_-1700,Check,,1700.0,2019-09-25 20:16:18,2019-11-10 07:09:23,half-year,htqidbqbpmymnfxcnhanuwigkvzogpntmdenjnkugopmhvzhci,9h1ur140ub,food
7n8lgnwfys,food-_-Paypal--900,,Paypal,-900.0,2019-04-25 12:42:57,,,,wbhbp480vs,food
s55hz0m77s,tax-_-Paypal--2100,,Paypal,-2100.0,2019-01-08 12:59:29,,half-year,pwwgchvpvjdapsmzjdjxjtymknpayayytuxqkkfkfkfmuifgxa,7bsabcgc6w,tax
9d5kiue5rw,finance-_-Art-400,,Art,400.0,2019-04-16 01:05:48,,quarter,bzhudyqoxedomhjaaijdhzfpbihhhicqrxqkindlqjwqbmvlms,36qxtkxbqb,finance
64qm0yue23,debt-_-Hospital-4100,,Hospital,4100.0,2019-07-28 18:36:50,2020-02-05 14:16:33,half-year,itgorhcdanswabvzoodcmehrgvkytsvxsdcvtxtrdbkgcwqmeu,gr9ooz9itf,debt
xp17v0s26s,gift-Cash-_-4000,Cash,,4000.0,2019-04-09 20:55:33,2020-07-18 06:04:45,quarter,aorscaegjwiqfiegzdxacvpcwvonxpmwzohzyniqgsrialzmqk,ds2el0hh5l,gift
lieg4so55t,_-_-GooglePay--1000,,GooglePay,-1000.0,2019-01-01 01:48:36,,year,rvddygqmsztmuglfhryytjpyxttacwaplyraygwqiiijhildal,f3k6cd5dwh,
c9dnd5jh5n,_-Paypal-_-2000,Paypal,,2000.0,2019-06-12 17:43:03,2019-11-17 17:02:40,quarter,,srxc0ccmaj,
ysc5u89avk,housing-_-Cash--4200,,Cash,-4200.0,2019-11-22 01:20:36,,year,ytlamywxpueqpvkkjlijiojpoktupuasnetjlfcsxxzmujcvdg,rpmww2pknn,housing
a2crge1ksu,gift-_-_-3900,,,3900.0,2019-02-15 22:23:30,2020-04-08 09:36:17,week,,zrlv37c1w7,gift
jarsdzsgry,_-Company-Cash--2100,Company,Cash,-2100.0,2019-04-01 22:29:28,2020-03-17 04:16:03,,,2wpgfo328s,
w54q7slhk7,food-Paypal-_-4600,Paypal,,4600.0,2019-06-02 09:44:49,2019-07-08 16:27:45,month,vukoogkeikknsodeocimkcshajhcppdstcmnznbrbfmrjddkhi,lob4hn2sts,food
jze21ssyfk,tax-GooglePay-_-2500,GooglePay,,2500.0,2019-08-28 13:40:04,,quarter,udbqqcoezrcmtyveotauynxkamuattchnkwbjgiviwkecpgxkw,wl4u4wp50b,tax
fc9exkcnbg,debt-Art-_-0,Art,,0.0,2019-02-01 05:10:40,,month,gjlrfgrpwqngxktnwjjhmemlrunlsqjihimxldovddjrmpcadi,j4ac4fsoz3,debt
pf2gagrsqw,_-University-_--500,University,,-500.0,2019-08-23 21:42:09,2020-05-30 09:33:37,month,grbhfzjrwkysaagmhqowcitjrjhjjdxncwxqnyfjfvoixunabo,ffwfyz0mv5,
35s2w2vvff,_-_-Restaurant-3500,,Restaurant,3500.0,2019-10-23 16:10:35,2020-12-28 15:57:53,month,,1axlc8yite,
p5t0aeqe5d,_-_-Art-4000,,Art,4000.0,2019-05-18 20:05:47,2020-06-19 07:34:13,half-year,,q3xzqp4aru,
ghhi6yqcwr,_-Restaurant-_--3900,Restaurant,,-3900.0,2020-12-05 10:36:09,,,mduszvqwfiqeyqytewgotvjsywvhivzaaybwxxkeiqgqrywmbh,ct20q9wu8k,
6n9ni70c3x,_-CreditCard-_-1500,CreditCard,,1500.0,2019-11-16 19:43:08,,,zejpvyxjtthljnixkfhfhpporyludquqzptwtmybnihfqrmevv,t8j9wc9r4c,
fwbllqq6al,_-Venmo-_-3700,Venmo,,3700.0,2019-07-23 16:02:53,,quarter,,qb7cmxfn7w,
pdmj8zcubt,_-Cash-_-2400,Cash,,2400.0,2019-01-22 23:35:22,2019-07-04 23:38:31,quarter,rxhxyppchqxkfenffvrsxtepidplklwkkhdomlgdzivkdjdqum,wgz1tb9jwt,
2v7tivmok6,_-Company-Cash--2500,Company,Cash,-2500.0,2020-01-29 11:59:52,2020-09-06 09:36:44,year,jubvnflolepbhhwogszxvkemhdlfbytyikxjsrwgymosoopbku,mhnbb8q81h,
l951fgtoni,debt-_-Paypal--4700,,Paypal,-4700.0,2019-08-28 07:06:18,2020-11-14 19:25:04,month,niiawjxyrtqpwklilfdmeebrnoftkgmxucorfvjknnvsuexlts,c9z5vg4ln3,debt
6e4iwtj6wp,_-Art-Cash--3100,Art,Cash,-3100.0,2020-01-18 23:46:44,,month,rnqiqwclvkvbsdzvjstdljyjrdevrbjzcxuzggfcmnvvezbraz,mpxwvxcsxk,
0tcmooefou,debt-_-Alipay--1200,,Alipay,-1200.0,2020-06-05 19:08:55,2020-06-09 22:58:24,half-year,,q3xzqp4aru,debt
47tv4se3c5,_-Cash-Company-4600,Cash,Company,4600.0,2019-12-08 13:13:38,2020-11-18 14:58:19,,,8bow72n40d,
x5kll0beww,gift-Art-Venmo--600,Art,Venmo,-600.0,2019-10-10 03:52:53,2020-12-30 14:22:06,quarter,,vrxrn8xma3,gift
qni1pdy2y8,finance-Check-_-1000,Check,,1000.0,2019-12-14 16:33:30,2020-01-29 00:33:01,half-year,atdchuezgoowzkscxdlpvioydvbpzcbmvlcqwhwsjeeafxbvak,2prbyhweyv,finance
u4qydl7kbu,food-Cash-_-4000,Cash,,4000.0,2019-08-02 03:58:02,2019-12-11 06:20:35,quarter,,ioq5tjrnfi,food
b3507xo6sz,tax-_-Company-400,,Company,400.0,2020-02-22 07:17:29,2020-07-03 17:34:45,week,,j61lx1ywn5,tax
2rj1z22t8d,debt-_-Hospital-3100,,Hospital,3100.0,2020-08-17 02:03:19,,half-year,qocrrkjsblagjeviboowekbtllnfmeufbfrogeztxdofyuvblh,rubz47icfw,debt
esehs1diog,debt-_-_--2400,,,-2400.0,2019-11-16 10:42:16,,month,vbltuqvtjxteyoahsmibjewueqptizvuwdispvopzsdvjkmfrn,ec8vt1jlox,debt
z2wsgztfll,tax-_-ApplePay--1500,,ApplePay,-1500.0,2019-07-07 18:32:09,2020-02-05 18:03:39,quarter,atvgnutukoukyphtfzezrvrrpshqbzuhfeppnmpdqvjftubtlr,cpzr0jqeth,tax
yv1p5ncxyb,tax-Cash-Art-4100,Cash,Art,4100.0,2019-09-12 11:53:55,2020-03-14 21:05:18,month,,pfgmct1qf6,tax
k2ngg3wqmn,transport-Art-_--500,Art,,-500.0,2019-04-07 21:18:55,2019-11-14 10:56:21,year,buliiihtvdhuxqkttnchyfypambbrhqciktcxvuwwegencjprf,9rgt3m8q8y,transport
ayaqh0t0cu,_-Venmo-Company-500,Venmo,Company,500.0,2019-09-15 13:37:39,,half-year,,t8j9wc9r4c,
x5dzvzex5l,_-_-Alipay--4000,,Alipay,-4000.0,2019-02-08 20:27:29,2019-03-05 23:42:18,quarter,,p2zwqxr5f3,
dskl7riqn6,tax-_-Hospital-2500,,Hospital,2500.0,2019-03-14 20:01:47,,week,,gllh8kysgp,tax
ry3f965w7w,food-Company-_--1800,Company,,-1800.0,2020-05-02 19:28:10,,half-year,,g30nn28ud9,food
bs0b274vuu,_-Company-Check--100,Company,Check,-100.0,2020-05-28 15:46:22,2020-12-31 09:48:26,quarter,,8er1z8qd08,
zd5z4sgjy4,_-ApplePay-_-5000,ApplePay,,5000.0,2020-06-06 03:57:20,,half-year,vutrlignwysjevgzlehylhkbcoskfmltwtoknmcgwmtzjvbvpx,ziq74mrtno,
9puowiccom,tax-Cash-_-4600,Cash,,4600.0,2019-08-04 09:03:19,2020-02-26 02:09:02,year,,aggvq3dw70,tax
j5kigsicwf,insurance-_-_--200,,,-200.0,2020-04-30 13:31:03,,quarter,,ypipxuzq5t,insurance
vkt7oblmjn,gift-_-_--2500,,,-2500.0,2020-01-18 13:24:32,,,kttqnjgxvrvirjptjthvzcdoorvhrzsgeiknzswjrgysxingft,jd844dzj81,gift
80gia1xh12,food-Company-_--2700,Company,,-2700.0,2019-06-13 14:18:48,,week,lczxjlcminmjvnbzoqzodpixvugucscuarlukoevbwvhcgsohk,qv7199smfe,food
xhd5pc471a,_-Check-_-800,Check,,800.0,2020-05-25 14:51:26,2020-10-27 08:14:09,week,,bldbc0id2b,
qemdvymw9w,personal-Art-_--1800,Art,,-1800.0,2019-10-23 03:55:17,2020-05-18 10:47:55,quarter,,v6dvmoxe2v,personal
9unf91ne96,_-_-Cash--4900,,Cash,-4900.0,2019-09-26 00:13:39,,half-year,,zg1o3cl7tl,
ja7ysdsrkp,debt-Art-_--1000,Art,,-1000.0,2019-02-03 04:35:27,,,,ygh1foj9yn,debt
a8n16mty4u,_-Supermarket-_-0,Supermarket,,0.0,2019-06-14 12:52:47,,week,,09fq4ohsjx,
vnazd7nzf8,_-_-CreditCard--2600,,CreditCard,-2600.0,2019-03-09 08:51:28,,,,y3xa982v9w,
uboztkxle1,debt-Paypal-_-3000,Paypal,,3000.0,2019-07-07 00:15:07,2019-08-18 17:32:06,half-year,,ghpfgx96ey,debt
ls6khepjpw,_-GooglePay-_-3900,GooglePay,,3900.0,2020-03-21 17:24:21,,,,3a8sxw9pd0,
vth0ccs0i3,_-_-_--700,,,-700.0,2019-10-04 05:27:56,,quarter,xcvqyewjxenvccvoekccqzwofmqbqnsmbgexhkiqgsydybgcdf,74615y5txt,
nsrqucza9r,food-_-Paypal--1600,,Paypal,-1600.0,2019-02-22 07:48:17,2020-06-05 10:52:59,month,,iyppjude5y,food
9h8mpidffx,_-_-Alipay--4200,,Alipay,-4200.0,2020-03-15 06:34:47,2020-10-13 00:55:59,,knsekwxoplqlafjdnhhsetpzufuuujtduolmywnqnymbpoqiol,dlxylc0ysd,
vbacqbd61g,_-Cash-Hospital-5000,Cash,Hospital,5000.0,2019-03-10 14:06:37,2019-03-18 12:09:59,,pavtiuuwmbpgpzozvuxlmuwkpbkrknlvesewlhofspyvansgpc,jtwms353tb,
y4itcyq8ux,_-Art-Alipay--4500,Art,Alipay,-4500.0,2020-02-09 07:43:18,,month,dpdpwolhcmdihtpxlkytndjxcvmxydwrkhbyiirkylqnhacmjw,ggva0fglfz,
alb5idp6nn,_-Alipay-_-2600,Alipay,,2600.0,2019-11-17 23:49:30,2020-08-23 17:51:45,week,wcofwcdzsrzhysechgmjyxcbxralrctrfjnganmcfgpuewbyxx,eyyhgfcrhp,
24xupwse5h,_-_-Cash--3800,,Cash,-3800.0,2019-07-19 17:23:30,2020-03-19 21:58:25,,,6gxqbfri2r,
787mq6d218,_-Check-_-900,Check,,900.0,2020-05-11 07:05:00,2020-10-06 23:59:15,,,odmx2juq41,
15nz3wk0yz,_-University-Check-0,University,Check,0.0,2019-09-06 01:32:06,2020-01-21 15:54:12,year,,3qq9ykph7k,
yjse6td81g,gift-_-Paypal--3100,,Paypal,-3100.0,2019-11-16 04:53:15,,quarter,,ouyt5wdv0j,gift
a450760ivy,_-Cash-Company-700,Cash,Company,700.0,2019-04-08 01:00:47,2019-12-21 07:00:48,week,,r52kpa5dv2,
kn3aq2x9z8,_-ApplePay-_-3200,ApplePay,,3200.0,2019-01-05 14:10:55,,week,sinibwvlgqxlvoosvuvusrooljrivdgjmpvkvzqkpxcxnoootf,p1znxzjxd9,
ig7ofkk3wm,_-Art-Cash--600,Art,Cash,-600.0,2019-11-13 05:14:49,2020-02-04 03:55:58,month,apqqiltauajlhlcthtzdhqtoqsqzmaursgipmkyvcqkqbgmquz,24nlwpf85n,
3tn6ee8hws,_-GooglePay-Art-2600,GooglePay,Art,2600.0,2019-02-20 09:06:41,2019-12-25 09:11:49,year,,h888rs4uuv,
yaktmuaras,tax-ApplePay-Art-300,ApplePay,Art,300.0,2019-03-26 03:55:44,,half-year,ejszhangvazucpincrourozilmcbfqnbkkihknmatppgkvrvyt,jlrr5ofwfg,tax
oxk9z4nbsi,food-Venmo-_-3200,Venmo,,3200.0,2019-06-01 02:14:04,2020-03-25 09:28:13,quarter,mbadziasiskasmtwlwmlulpsqbpyksmxmxtngqugdghxhdtqtd,gqec6aj6hv,food
ahp7cifz15,_-Art-_--2800,Art,,-2800.0,2019-03-29 14:44:48,2020-11-18 00:15:30,half-year,,fs6ydwn3m3,
5l8tnoddyh,_-University-_--4100,University,,-4100.0,2019-11-13 08:49:06,,month,iuvdeadotswbgoeilvqxakefsylamxfbkvkscdcubqiswbkojo,iy6edx4sog,
wogxyfzpa1,health-_-Cash--4800,,Cash,-4800.0,2019-09-05 09:45:07,2020-12-30 14:30:56,month,kpxrravixlwyptokgcpsagpkaqybzmhgifgwkirkvincbpdbci,4hujqhd549,health
5lol2rg2od,_-Art-Venmo-0,Art,Venmo,0.0,2019-06-06 03:44:44,,week,,tzl0qzywnr,
r547r5ches,finance-Venmo-_-1500,Venmo,,1500.0,2019-11-01 07:09:45,,half-year,lgosaswmkjasvofyjgviicymupuqyyvcaxsothvshqrkuzcvek,jtwms353tb,finance
umfl0dk6ts,debt-_-Alipay--1300,,Alipay,-1300.0,2019-08-15 16:51:42,2020-11-04 11:00:12,year,,s9y1mzm75z,debt
aib59dmka8,tax-Hospital-_--1400,Hospital,,-1400.0,2019-05-10 16:55:18,2020-07-10 08:26:54,,nxmkzyjmqoeedaejnrhkdakscmvowmbgazoapixyupkkqxhcbn,atm6fpwolq,tax
m9ocl8y9x0,_-Cash-Hospital-2100,Cash,Hospital,2100.0,2019-03-28 18:45:20,,month,,1oe6fdcypi,
mix5o5s0jm,gift-Alipay-Art-1500,Alipay,Art,1500.0,2020-01-04 23:11:03,,month,zkrgzbucgxcyttxxqetznkvrktxdeyfzcpkzyfsoechwcrhiww,tjazqpbcl2,gift
y46kb7vtk6,gift-Check-_-3900,Check,,3900.0,2020-05-19 04:02:02,2020-09-22 03:47:52,week,tmvydprxvngtlvpzjxmdgjqjjrcdvkexxzguvjixeogqyukzwe,w1osl71fpl,gift
oifg6oce82,_-_-Restaurant-2300,,Restaurant,2300.0,2019-09-26 12:05:52,2020-06-24 02:47:16,quarter,mscqelvsbdfhbxruixdirogldaxkuounwaxrvsqjsliqfnfrjw,ypipxuzq5t,
9736zdg1zn,_-Hospital-_--1400,Hospital,,-1400.0,2019-07-12 08:15:55,2020-01-13 20:46:36,year,rfysqecwihxgbeerclzjsylknkxfodgflpexgwtvtnnygletjd,jzgqyzi021,
svhq9gv5a5,debt-Venmo-Art-4500,Venmo,Art,4500.0,2020-03-23 10:43:38,,quarter,lzmpnyabbzzzjvstugopgchwosecqssqrouwxlmtbgavfkmzcc,g30nn28ud9,debt
jhzc3675hl,housing-_-_-100,,,100.0,2019-06-12 05:58:25,2020-10-04 04:03:03,week,juzbptixfcaiudmivdihwlrtjobaiqwxjhbrlixrymfduclsgf,1oe6fdcypi,housing
byxz6pobtm,housing-Paypal-_-900,Paypal,,900.0,2020-11-21 08:51:07,2020-11-24 06:04:59,month,dmblwqtpaooaaqrttuukxniuxzeomcbdxqocmuvwrfouusxlbt,uhqbrittwu,housing
cbgbauhn3x,tax-Cash-Art-1500,Cash,Art,1500.0,2020-07-22 22:44:12,2020-09-16 22:00:07,quarter,,s8x3yx5coc,tax
25mnqk8nda,food-Alipay-Art-1000,Alipay,Art,1000.0,2019-02-25 22:05:07,2020-11-20 00:27:53,,,ky2sh2vxzn,food
b49bqev512,transport-_-Art-4200,,Art,4200.0,2019-02-03 17:42:49,2019-06-10 17:24:58,quarter,,wgz1tb9jwt,transport
7u5zqyrbna,_-Apartment-_--2600,Apartment,,-2600.0,2019-08-02 05:38:32,2019-09-15 21:25:08,half-year,awxqjagaxjzketilabamhdhgitahtvtidfcyzpstayqmfdajel,r5m2m5eerp,
yt6hqydcny,_-ApplePay-Art-1300,ApplePay,Art,1300.0,2019-04-04 17:31:49,2019-07-18 09:59:45,year,nsgbyowtitlxvudxvuizogtvnfupqhlyjeapciecltvbgzztws,8er1z8qd08,
6ofkuvn18g,tax-Art-_--1800,Art,,-1800.0,2019-06-21 22:27:40,2019-08-15 01:25:43,,,lhwi7l92oo,tax
wzf8qr4eod,tax-Hospital-_--2600,Hospital,,-2600.0,2019-04-17 04:13:01,,week,gjfuydawieicmzbskfovsbcahwpicerssnelezfjjcdwedrfrt,uonxuhwh73,tax
3yikpt1lre,tax-_-Alipay--4000,,Alipay,-4000.0,2020-06-11 16:56:29,2020-09-05 22:50:37,week,yulxfbjrddoalkyjmysoticbtfkrhuixsvewvikqkpwmhkxumt,xzj085gq1w,tax
qu20b8i2yx,gift-Art-Cash--1600,Art,Cash,-1600.0,2020-01-05 08:05:10,2020-12-19 01:27:32,quarter,zunqiaswoyilfwaffdcihlrgqwzlyhumahztgrarugghxlxyit,5v8e22wh2w,gift
s9sc9bm21v,health-_-_-2300,,,2300.0,2019-03-08 01:46:49,,half-year,,udfmaf0rnh,health
5wbw5y205g,_-_-GooglePay--2400,,GooglePay,-2400.0,2020-09-08 19:27:58,2020-10-22 10:34:35,quarter,,98e4ui8jnc,
vm1q8s576n,debt-Venmo-Art-600,Venmo,Art,600.0,2019-03-17 20:05:35,2020-07-08 02:44:04,,xutnfohxarorpphvlrdghljmxqeejjjdmdmgzmskylngaldysv,bisjkw76q8,debt
eadpmddkls,_-_-Restaurant-2400,,Restaurant,2400.0,2020-10-12 04:23:42,,month,bgihjdibdtpeewhvusyrgurpltsqpgtnyfcbhgwfjcnaxpxtbv,jkv0n8qwwq,
8p4nsxxj2t,debt-Paypal-_-900,Paypal,,900.0,2019-07-16 19:23:41,2020-02-06 11:43:19,month,,w382xmxxta,debt
wmzeszpvqv,food-Art-_--3300,Art,,-3300.0,2019-01-04 14:30:30,2019-01-28 11:03:06,month,gradcmxpaxiyweoktsgxwbrikauhjotqqeelssvkolawvqwbmd,mpxwvxcsxk,food
rxcol5r6br,_-University-_--2500,University,,-2500.0,2020-01-15 13:04:31,2020-04-26 07:37:24,month,,x7ezbkifby,
54j8xo16cu,health-_-_--900,,,-900.0,2019-06-23 13:08:21,2020-05-16 12:54:00,half-year,ckafdvvntqgebesjkfpxztjgvxgwsmukgbirkjxrnkndhkpydg,58ld3l74ib,health
hi6lqppubr,debt-_-_--600,,,-600.0,2019-08-30 07:00:21,2020-05-04 13:36:49,month,gvnsrgdvgsweflexungrxajvurjfymaamapbqxcvscadkqfmrl,xucebxvdis,debt
vc5zd3mx5s,gift-Alipay-Art-1800,Alipay,Art,1800.0,2019-05-22 12:29:31,2020-08-30 20:27:19,week,,ilaetbxo6v,gift
c7gf5cc5o3,housing-Hospital-_-0,Hospital,,0.0,2020-08-20 19:31:00,2020-10-02 00:12:38,quarter,,m8t5lrlmbv,housing
kcefj72yux,_-Cash-_-1400,Cash,,1400.0,2019-06-22 06:14:14,,half-year,xwwqkanpeebdxfbtxfzglxdutqzpjhfsasipfrsdwouwnoxvnm,6d3km5eiyg,
hbvo54zfyx,food-_-Paypal--1400,,Paypal,-1400.0,2019-08-27 17:47:48,2020-01-07 03:51:35,half-year,sctrjwxkvlaizussdynhksozohvfhpqndwviurresgttymgavw,vhgedn4gco,food
x7vpu1gx2e,_-Venmo-Company-2200,Venmo,Company,2200.0,2020-01-02 22:45:34,2020-03-23 00:06:52,year,,jbxnjp0uo6,
3089sus0cv,tax-Venmo-_-400,Venmo,,400.0,2019-01-14 15:12:00,,month,bgsktlljvmfjrwkdmgwxiwairhfehfhevewcorunsfqaadousn,nnu66s1y5m,tax
yxo4x1l0go,debt-Venmo-Art-3600,Venmo,Art,3600.0,2019-05-02 01:36:43,2019-08-07 00:56:39,half-year,ohcjzweiygnhnaztaoboaxtytankiuuigtrpychfqrapofkgzj,fihsuhiroq,debt
pi33rgxbte,_-_-Hospital-4600,,Hospital,4600.0,2019-03-16 10:55:14,2020-10-26 15:51:43,half-year,nvbhmszlwkapxjngnggprnprhmafsymrqpaqslqlttuhuzselq,5c7wxglaaa,
lvv42yzhnd,household-_-_--3200,,,-3200.0,2019-09-01 20:13:53,2019-12-29 19:45:32,year,,teyp29jkf1,household
pvtw9y6s3l,_-Paypal-Art-4900,Paypal,Art,4900.0,2019-06-04 22:36:08,,half-year,,ogtzgdc7s1,
7i54d7m0p5,household-_-_--4400,,,-4400.0,2019-03-17 03:34:41,,week,,jdvpa9oc5u,household
ip2m9pp07k,debt-Paypal-Art-1900,Paypal,Art,1900.0,2019-10-20 00:42:59,2019-11-16 14:21:40,,,8yq903qch3,debt
0toq02ycgx,debt-_-Check--300,,Check,-300.0,2019-01-07 13:16:14,2020-09-21 15:02:24,year,,uonxuhwh73,debt
eftcumx2hl,_-_-Cash--3600,,Cash,-3600.0,2019-07-02 00:50:20,,,,rpmww2pknn,
dfnio3dhpe,_-_-Venmo--3900,,Venmo,-3900.0,2019-02-28 05:29:19,2019-10-02 12:57:03,quarter,qnztashezioezpxfbbpnyewstnziwkqhirlbjwlijalnhkhvvm,4ai8ktdf06,
h1hda22yyi,health-_-Check--1000,,Check,-1000.0,2019-07-06 20:20:38,,half-year,,4mmszdexal,health
ovc94o8n86,finance-_-_-4900,,,4900.0,2019-02-24 08:24:31,,,kquuaywodhdsuenzbakuzyyuqbtjeufqqajnwkepmpvcqpxprw,sp10iyo75c,finance
srq4gjbdpc,transport-_-_-1500,,,1500.0,2019-03-24 21:26:27,2020-08-28 10:19:00,week,khvkhxzfkrxwkvwzbanrfunjqnlmgmcnzodwdnfbfjyeaitgsl,jfug1y14lv,transport
z83893too7,insurance-_-Art-3400,,Art,3400.0,2019-03-02 17:14:15,,year,ewjoadedfhvkdjrepfzguauiaoigccjirolikftaxbsxqqhihv,u05yh2j998,insurance
hn6723a5yo,tax-ApplePay-_-2200,ApplePay,,2200.0,2019-03-05 05:49:55,2020-10-14 05:19:09,year,,41e674znhq,tax
gd5yk18opk,health-Cash-Art-3200,Cash,Art,3200.0,2020-05-17 01:07:59,,quarter,,r84m3r4u7z,health
1t4mgmwyjl,debt-Venmo-Art-800,Venmo,Art,800.0,2019-07-23 04:36:28,2020-02-22 06:11:04,half-year,,kypbzofwbv,debt
ww28zt9y8f,tax-Paypal-_-800,Paypal,,800.0,2020-01-14 02:23:11,,week,eemciksiaktttxlkufwqomhaogucoyfltfccgixsuyrztgfyzf,daxspbxnq9,tax
4v1pusvle4,personal-Cash-_-200,Cash,,200.0,2020-03-09 16:07:00,,half-year,roqnmhoylswnzzmbqvwvukhfqyhtudaghpvzynuifexopjcesl,rp4indz9q3,personal
7m2fx66ziy,finance-_-Art-4300,,Art,4300.0,2019-11-10 21:34:28,,,,iqmuac176f,finance
v0tbtjh4w0,_-Venmo-Art-1400,Venmo,Art,1400.0,2019-07-05 10:36:23,2020-02-26 21:02:39,month,,tm2tjgb5ph,
5bvwj2480s,_-Art-Venmo-0,Art,Venmo,0.0,2019-01-30 11:17:22,2019-04-13 07:19:44,week,,w8dqkcv6qo,
et9n1eh6yv,_-Company-_--1600,Company,,-1600.0,2019-10-12 20:41:45,2020-07-19 13:25:27,week,ekfssbptqocztliojxjefbmlqcggumeaoegjhcohcegemehdxg,yrx1bo4338,
jkvyroqq2w,_-Check-Company-3300,Check,Company,3300.0,2019-08-20 11:29:42,2020-11-16 12:58:01,week,fkoffapvyqrhusmtgvojxgmgurfqthikdrmynopoqdyskkoyuf,j3b74z60po,
gfy98ky3xn,housing-Art-_--3200,Art,,-3200.0,2020-08-14 23:24:49,2020-12-31 16:15:53,half-year,jvgbyxecwkdojcmzrvxielwguzxusnmzqcolamaewuztstzuap,x2wu0g8gxq,housing
v3qmzkxez2,food-_-Venmo--2500,,Venmo,-2500.0,2019-03-02 21:38:32,,quarter,wrdfxrfgllvocuhxcicelydrriqgywbvqsvhjnigwudnbcmgxz,58ld3l74ib,food
awm645g0wj,food-_-Alipay--2900,,Alipay,-2900.0,2019-11-09 21:19:29,,month,ghbqnjdndawchgyqlfpqqpnkcjnplettzddzhjekfvhlvzqfjv,zsrgon8qnh,food
6hflgd3r7p,tax-_-_--1400,,,-1400.0,2019-07-05 07:24:13,2020-06-05 05:33:30,,srtrlsvjpvqxdlflktajhphvbfdsbyylmifqkahdrozthudnwg,wzfzf4debu,tax
e6exmnkv1x,_-Paypal-Art-600,Paypal,Art,600.0,2019-02-24 01:36:09,,half-year,ledloulhlkvvquqpztozokntmhrdlgspxibbvmndnfkdivkovo,8ct6n3299i,
7dk8qli78z,tax-Art-Cash--4100,Art,Cash,-4100.0,2020-08-20 08:13:22,2020-12-26 20:23:15,month,,luiuojsme7,tax
cr1ddeq9i5,health-Check-_-300,Check,,300.0,2019-01-21 15:00:40,2020-03-19 12:31:20,month,,5q8gome7dc,health
rx2ldm6o8a,debt-Venmo-_-4500,Venmo,,4500.0,2019-09-25 17:46:05,2020-12-17 17:38:33,quarter,,voj7tdmr0q,debt
ofhigcwhen,clothing-Cash-_-200,Cash,,200.0,2020-01-21 17:00:44,,quarter,evcqipzjklyujlusennddskmslsuuwbfdrypsbnalzuysmmcug,793zduw1np,clothing
sw105yrz0i,personal-Art-_--4100,Art,,-4100.0,2019-06-26 19:11:42,2020-11-30 22:29:09,year,,wrery5om77,personal
gdzwockhwc,_-Venmo-Company-800,Venmo,Company,800.0,2019-01-19 20:07:02,,half-year,lstflnmofedqlurxvtfjitjiugntscatuehuuimlmnjltcsisn,wrol933q4g,
yybrq0530h,food-Alipay-_-3600,Alipay,,3600.0,2019-03-20 18:45:26,,month,,zfljph97tp,food
9knrr1pnv6,gift-Art-Check--1700,Art,Check,-1700.0,2019-07-30 23:31:13,2019-10-06 17:18:03,,blphscyofghjlbhhfqtreztptbfaiypnvgutohsyrvhlswolnv,4m9irk670a,gift
m1hkk68pv1,health-_-_--300,,,-300.0,2019-02-02 01:20:18,,year,,t52xjkzizo,health
hymqomoykh,_-_-_--3900,,,-3900.0,2020-04-03 10:52:31,,half-year,,1h9cx0phg9,
kwmkqg0dvm,personal-_-_--1200,,,-1200.0,2019-12-05 03:31:32,2020-08-25 21:44:18,year,,vgt4z5c14o,personal
ierb7p6r3p,gift-Venmo-Art-3300,Venmo,Art,3300.0,2019-02-27 06:18:33,2019-06-09 09:55:05,year,eaugjmhovbmghkowlobnyjnyyhkhxyzyjimplqfksgsccneqkb,vopmmyh8qk,gift
mbdmkonmgo,_-_-Paypal--900,,Paypal,-900.0,2019-03-01 13:11:28,,week,sowmaysolfyanskhndrdxkznudyzcjakqwcqzgghvtznzcsuzk,pe17ava8ru,
8ezvzkzfi3,gift-Art-Cash--1400,Art,Cash,-1400.0,2020-02-03 08:14:17,,half-year,,mrvzrriuhu,gift
r6ng5j4ats,household-_-_-3400,,,3400.0,2020-03-18 21:47:22,,year,nnzdruodsxkkbpqhzowixesgbvsxptyephtjecspudrerfufey,0qaxic6n2r,household
4pew5y5xtt,gift-_-_-2900,,,2900.0,2020-03-01 05:28:54,,year,,lvr540ap4w,gift
7zbm1fzmsz,entertain-_-Art-1800,,Art,1800.0,2019-02-09 23:18:00,,week,dpwmdygbcpofzwilqnqogvxadislwydajofwdbnhwnfsaxbqqh,jg7664fvwq,entertain
uu9nl7p69n,_-_-Paypal--4800,,Paypal,-4800.0,2020-05-10 22:20:04,,month,,cu9ysa13eh,
wrf3gzlx6i,_-Venmo-Art-4100,Venmo,Art,4100.0,2020-04-28 13:01:30,,quarter,cdcjxpdlxipyfovpjwcgrpualwggtjwyeaqsqrlbpetsjhrmxw,q6u2ikp99q,
9o3rzl248z,_-Check-Art-1100,Check,Art,1100.0,2020-09-04 12:43:05,2020-11-04 19:16:32,quarter,pvyzommbtpqgzcvwysyyabutpvlhlkpuaesahcuheihwhfzsjw,0qaxic6n2r,
ouep1yu7f7,household-_-_--4700,,,-4700.0,2020-01-25 11:46:48,2020-11-30 02:53:31,,,6gxqbfri2r,household
5tmni9e2pp,_-Art-ApplePay--1500,Art,ApplePay,-1500.0,2019-02-12 08:36:54,,week,,xkat7kjln8,
nidh0q7huz,_-_-GooglePay--2800,,GooglePay,-2800.0,2019-06-11 21:31:56,,quarter,,efomnru8l8,
1wgvxo27q2,insurance-_-_-2500,,,2500.0,2019-05-09 07:32:02,,,ybrtmioiwzxauntylnnsknbgnqrylcjgvqrxuzfnyrhrwcpshr,fw3m7rr3ck,insurance
lcor3ih7r7,_-Cash-Hospital-5000,Cash,Hospital,5000.0,2019-09-07 19:39:19,,half-year,yjxgcrclnhnypygnpfmcyrwuclcqmdbvaxqzcthjdbrbvbejoj,8gix16if6c,
y76yv3dqfo,_-Cash-Hospital-3600,Cash,Hospital,3600.0,2019-10-15 12:06:46,2020-09-12 16:46:23,,,1h9cx0phg9,
dvfjq3hedt,_-Venmo-Art-5000,Venmo,Art,5000.0,2020-05-21 00:37:29,,,,lpbk9kf1g3,
19b4wgo36x,_-_-GooglePay--2000,,GooglePay,-2000.0,2019-05-30 16:01:17,2020-11-19 09:57:46,half-year,sykgzuuqbwpcxsvrxqcmjwqwbscwlrdtosvsohhnleyfqqyyvf,pete0y4qny,
heppbc1gvm,gift-Art-Alipay--300,Art,Alipay,-300.0,2019-03-08 15:39:07,,month,,zg1o3cl7tl,gift
kt21f2z2m1,_-Check-_-3000,Check,,3000.0,2019-10-11 15:18:00,,week,lsgyjwvgnbsfnzdrvdtomxyxxhexbmtflvbosfmowuvuiwdaud,50imte8yfa,
gyxf7u1qi5,_-GooglePay-Art-400,GooglePay,Art,400.0,2019-12-12 13:36:34,2020-08-27 10:49:09,quarter,,0r28o7t5mj,
txybptvnle,_-_-University-1000,,University,1000.0,2019-11-01 09:32:52,,half-year,,09fq4ohsjx,
4669ub5cba,debt-_-_--2100,,,-2100.0,2019-12-02 02:17:14,2020-05-09 06:38:16,half-year,,tbq8dwywi6,debt
coyak2gzkf,finance-_-_-3600,,,3600.0,2020-08-21 11:32:40,2020-10-30 12:25:48,month,,ghkz0ofcz3,finance
nlqgg6n5c8,tax-Hospital-_--300,Hospital,,-300.0,2019-03-10 17:29:37,2020-08-20 06:17:19,,ypwpdbcqouiccyecznbxfdpphcdhfzwstnixyurcmutjbmdswb,v8oet86pvt,tax
lyx1p7zocj,education-Cash-_-900,Cash,,900.0,2019-04-16 02:51:11,2019-07-27 10:37:46,,,3qahen9ljw,education
oc97ixd0q3,debt-Venmo-_-3200,Venmo,,3200.0,2019-12-16 03:12:43,2020-08-25 13:56:10,year,,6utji8hje9,debt
3izn3ax07h,gift-_-_--4400,,,-4400.0,2020-02-04 01:13:42,2020-10-21 08:25:51,year,thmewtzfwdwuascencepyzuzkrodtolyiiyqvvismfnihksxvt,sydncupv2o,gift
5vi1a00804,_-Alipay-Art-2600,Alipay,Art,2600.0,2019-02-15 22:35:16,2020-06-03 01:31:35,week,ubytekymntmcdupauhwilmucfngzouwvydchltpdcvoycmkktt,v2i2pd1rxa,
2iefwz5ybc,gift-Alipay-Art-4300,Alipay,Art,4300.0,2019-11-18 16:42:45,2020-09-16 10:28:23,week,grhxninsfskyvhhaknezjsekefhxxameyyvsozufhijgbyqpxa,3c47pwb535,gift
k8nka8rb5i,_-ApplePay-_-100,ApplePay,,100.0,2020-08-04 06:23:37,2020-10-29 20:59:33,week,btfqtnjnhkjegvgvogzskxurxpvhsdymkybwdrycjrlqfxwwwr,wa7okl6kr1,
kwbzar6ant,debt-_-Hospital-4000,,Hospital,4000.0,2019-12-20 20:29:26,2020-01-05 22:08:10,,,h4aod2pgez,debt
2bu3bb55wg,entertain-_-_--1300,,,-1300.0,2019-12-25 10:35:38,2020-10-11 09:30:01,year,,6k2gha8pwt,entertain
motueb14z4,gift-Cash-_-1100,Cash,,1100.0,2019-09-16 01:48:17,2019-09-17 16:07:09,year,,k4jgxibev2,gift
zad1xolzk8,tax-_-Apartment-500,,Apartment,500.0,2019-07-22 20:04:07,2020-01-29 15:26:38,week,,231znlobbg,tax
1d6v3wj4xw,housing-_-Art-3600,,Art,3600.0,2019-10-07 01:31:26,2020-08-03 00:56:31,year,mmefjitrpbljauuhmgyzhssxqkrmcdjitfzjsqbpcvcpdmpnpw,el6tjafof8,housing
bob0mwjsy1,_-_-_--500,,,-500.0,2019-06-13 08:53:47,2020-05-18 03:06:48,month,itoysrccmnczvhovtxfedwucbarwivkudjgjyymquiymiejqmw,h888rs4uuv,
nc1t0qccg8,debt-Alipay-_-2600,Alipay,,2600.0,2019-08-10 16:24:49,2020-04-16 02:03:54,year,,98e4ui8jnc,debt
mmpbdpq39y,health-Art-_--1100,Art,,-1100.0,2019-12-16 08:34:40,,year,tgingqcwlsnjwltypkpmbbbkhfqusyyvbyndrvgimsaucfitcm,7ccl0k60kz,health
ixivdssfmj,utilities-_-_-3200,,,3200.0,2019-06-02 10:06:45,2020-01-20 17:54:01,half-year,,8yso7x5r1v,utilities
wafrg2fd9p,finance-_-_-4600,,,4600.0,2019-01-14 16:54:31,2020-01-11 10:23:03,week,,ziq74mrtno,finance
rfveii1dv4,_-University-_--2900,University,,-2900.0,2019-10-21 02:20:55,2019-12-20 12:57:51,year,,zlwiwjt55h,
0ajzlah9qj,education-_-Art-4500,,Art,4500.0,2019-01-26 08:24:30,2020-05-12 11:02:41,year,,l4lntyjkdk,education
0ey6tu7ixg,gift-_-Venmo--4400,,Venmo,-4400.0,2019-01-20 14:54:03,,,,um2qix669j,gift
bgggkfmmwr,_-Alipay-Art-2200,Alipay,Art,2200.0,2019-08-01 11:14:04,,half-year,xfvkhdsltrgcxtouctwrruftjtlunejrayomxuzzlwqzwnylit,1pjaqo32nc,
oj32ak80ai,education-Art-_--600,Art,,-600.0,2019-05-29 19:29:48,2020-02-12 06:55:05,quarter,,1t2hjvudv2,education
isszul3tjc,_-GooglePay-Art-5000,GooglePay,Art,5000.0,2019-01-29 04:17:32,2020-03-25 20:06:31,half-year,kpviudbiyknugkqszqbpchxurwcqxohnuasnamryplfkyzcseq,iji6ny717t,
uzrt7h855j,health-_-Cash--2900,,Cash,-2900.0,2019-05-30 23:09:31,2020-08-13 14:35:13,week,rajzjmcppxqzlrycdnccdzxczskuwpfcyfkuzcsxifaxtcgpky,3aaw8fgcik,health
kogpwhoc8e,health-_-_--1000,,,-1000.0,2019-01-07 02:40:01,,quarter,,fu98vy03xb,health
8jpwp8vjrx,_-Restaurant-_--2400,Restaurant,,-2400.0,2020-05-05 03:27:33,2020-11-11 08:45:02,week,,zlpmivv00y,
j2hnk47139,_-Venmo-Art-1300,Venmo,Art,1300.0,2019-08-02 10:09:11,2020-07-16 17:28:45,year,,g4bwbioyen,
jyt8xttepf,gift-Art-Venmo--1100,Art,Venmo,-1100.0,2019-02-14 10:10:00,2020-08-10 11:55:23,,,9rgt3m8q8y,gift
2ik2106f0a,health-Alipay-_-3900,Alipay,,3900.0,2019-02-13 16:07:27,2019-05-12 17:43:24,year,,jzgqyzi021,health
tpmbly81zc,tax-Alipay-_-300,Alipay,,300.0,2019-01-28 19:03:16,,month,bzwyobkvyosgneecuokgffosfanvyxjcbvamomrkolaegjgvtn,7rfwnr6bsn,tax
beusqd8804,_-_-Alipay--2400,,Alipay,-2400.0,2019-04-01 08:17:46,2019-10-01 18:29:28,month,ezvytorgnvkknfcvqcanqzovltebxufxsdgdrtukkgxjmthexa,nij9llgeao,
vv59n3dqv3,food-Paypal-_-3300,Paypal,,3300.0,2019-01-15 04:32:26,,year,,nigt9m5cmb,food
nwqurf4mpr,gift-Venmo-_-3300,Venmo,,3300.0,2019-11-18 00:26:24,2020-08-01 13:05:22,month,,xy2p7j6gy1,gift
nb5gdtkpi4,_-_-Restaurant-4100,,Restaurant,4100.0,2019-01-03 07:27:24,,,bacsjdullawdmzuarepybugzmploygmjrhdcetfqlseubsebjl,rbhrcaqz7z,
l6oqdc8yqt,_-Venmo-Company-4300,Venmo,Company,4300.0,2020-08-05 18:02:54,,quarter,,sluc38p8wu,
28gcelrxw5,tax-Paypal-Art-3100,Paypal,Art,3100.0,2019-09-29 04:10:16,2020-06-13 16:47:06,month,,q04oyaqyo0,tax
yixy2aprxo,debt-Art-Check--1800,Art,Check,-1800.0,2020-01-26 06:15:15,2020-09-06 17:02:45,week,,8mshal083w,debt
kc6bjklnbu,gift-Alipay-_-3800,Alipay,,3800.0,2019-01-17 19:45:30,2020-03-03 10:32:16,half-year,,zcwc4omusm,gift
vnn3l01r48,housing-Art-_--1600,Art,,-1600.0,2019-11-08 19:17:10,2020-04-23 04:44:59,,httchpijtvqychfuutdabvvnmexdqncvyctuifrbolkbepyixv,7smuolpliz,housing
evp7z40x6t,_-Paypal-Art-2200,Paypal,Art,2200.0,2020-09-05 04:38:36,,quarter,ewvfofizqkgopiqgmzgmzigmgwgduyhlvatotylkelqbxlxnny,49vjcnpuhk,
nju5atckrc,debt-Art-Cash--4400,Art,Cash,-4400.0,2020-01-11 03:39:42,2020-07-17 15:45:08,half-year,,ifslqbbtab,debt
xwdwzjrrpt,_-_-GooglePay--3500,,GooglePay,-3500.0,2019-04-09 13:40:06,2020-01-29 18:45:56,year,fujfwbwogbyybqtbvflacdtracerxucxnwpjsdujoioarnzwpc,4b3vw73g7v,
wtvxoah7qk,tax-Paypal-Art-2800,Paypal,Art,2800.0,2020-03-12 19:49:40,,week,nyauwkpveqgagnshgzgitbkvcaetxpqbiapbhftjhrfmwnwksk,y3xa982v9w,tax
a5henaozed,_-Hospital-_--1700,Hospital,,-1700.0,2019-05-19 20:09:23,2020-10-03 05:37:26,week,,ugi3w6ie3z,
58tawede0t,_-Company-Check--400,Company,Check,-400.0,2020-02-12 20:05:49,,week,,ccjk4fib9i,
yre4zkq70d,tax-_-Venmo--3900,,Venmo,-3900.0,2020-04-14 19:34:16,,year,wmntijaobfrxbajkzwptnqusgyxqftphmfvssyyduxoiguupgb,fps6ob0f7o,tax
vc3m2374q8,gift-_-Art-3300,,Art,3300.0,2019-03-30 21:40:03,2020-03-25 23:57:29,week,,4ai8ktdf06,gift
vcc5zte2o9,_-CreditCard-Art-500,CreditCard,Art,500.0,2019-11-10 03:42:46,2020-05-01 09:55:49,month,slfhxposezaralnobhidbcmmzkwtmqkyyakzruauirxxfbbtdt,4g18usl6ir,
cq9vyqymdm,tax-_-Cash--400,,Cash,-400.0,2019-12-10 19:25:46,2020-04-01 23:36:55,half-year,lervoyvwonedjivdjzxzixqqsrcowigfzhbksgqzzrgerurdjs,tnhqq25or9,tax
jqdxzucsn5,gift-Art-Cash--200,Art,Cash,-200.0,2019-02-20 20:33:35,,half-year,,kf9wtlmh5b,gift
64w7345hld,_-Venmo-Company-1100,Venmo,Company,1100.0,2020-02-12 00:15:07,2020-08-07 19:39:11,week,ljcqlvvoafzcrodopsstyfvwlhxwkaohlzevwzpnpoidfvrrja,ulv6j9a90q,
ob4jc08ets,food-Cash-_-3800,Cash,,3800.0,2019-08-27 23:24:00,2020-04-25 04:56:22,,,hmdxyqw7vi,food
mxxgx1lno2,_-Venmo-_-4500,Venmo,,4500.0,2020-03-05 15:37:40,2020-08-27 20:15:06,week,aaadjonshfkkcjqoztkpkfwmhuejtuwlmaoxcobxouodriaqwd,snhg06bl4r,
sqk7iudglf,_-_-ApplePay--4600,,ApplePay,-4600.0,2019-12-21 02:48:23,,month,azpartnjdyepavtejrkujnqxkesljqjlahtczwrbxlpqstroud,qvdej7zqzc,
g96nrn69mz,_-ApplePay-_-700,ApplePay,,700.0,2019-09-16 17:55:49,,week,,w1osl71fpl,
59o7w8qp8z,gift-Venmo-_-4900,Venmo,,4900.0,2019-08-22 17:34:36,2019-12-06 22:18:10,week,,6gxqbfri2r,gift
dgjk3jm6db,debt-Art-_--900,Art,,-900.0,2020-02-01 19:08:53,,quarter,,r5m2m5eerp,debt
rvatyhlmss,debt-ApplePay-_-1200,ApplePay,,1200.0,2019-12-18 08:18:30,,,,k1ozwr09y3,debt
i3czfbgxw0,finance-Cash-_-1100,Cash,,1100.0,2019-04-14 17:28:00,2019-08-21 17:25:58,month,uqnupnciobifoaumxrfhtcrwloxbasocpecordfitqwwzwtzys,vajafvv2mp,finance
9jehb0a9f1,tax-_-Cash--3300,,Cash,-3300.0,2019-08-14 01:29:41,,week,,20rsjjyg9n,tax
duy0uyswgj,tax-_-_-500,,,500.0,2019-07-08 17:17:04,2019-12-10 21:43:30,week,,pydwvkf9r3,tax
x64sp8h6l9,finance-_-Art-2500,,Art,2500.0,2019-07-11 09:55:24,2019-07-12 09:09:03,quarter,,t37dmq3ebm,finance
ew3k0wzjo3,transport-_-Art-400,,Art,400.0,2019-05-08 08:46:52,,week,,qrtw3oohf2,transport
qvyua3fn9z,tax-Cash-_-2900,Cash,,2900.0,2019-07-17 11:44:48,,month,,r0rdas9ub8,tax
1psnwdr29w,debt-Check-Art-300,Check,Art,300.0,2019-07-16 05:40:55,2019-10-12 02:58:50,quarter,xfkxshuwopaeoubfrcvzgyfudyjukqmyzdritqsibqlefvqeam,fexw0vi18k,debt
yir8q6a22k,_-Cash-Hospital-4000,Cash,Hospital,4000.0,2019-07-05 10:40:55,2019-09-02 03:45:22,week,wmwxvgtotpqkhoikzcsqmtasrwookdkabhkqpjwlohwdzyghcr,k3gdyf9iw0,
pwdh4wnt0k,tax-_-Venmo--1000,,Venmo,-1000.0,2019-12-17 14:01:32,2020-11-21 23:01:33,month,fphaodflgpjlingrntanvvvlnclrorpjebkxfyjvxuteouvbiz,4e7di3iqft,tax
1wcoc8sa3b,tax-_-Art-1700,,Art,1700.0,2019-07-11 08:13:23,2020-07-15 08:12:35,month,,xlvrl449oc,tax
xd2g9hj3tq,debt-Art-Venmo--2200,Art,Venmo,-2200.0,2020-03-23 05:18:07,,,,dmc5akgk7n,debt
f1jbayczh7,_-_-CreditCard--3700,,CreditCard,-3700.0,2019-08-07 22:29:53,2020-09-15 19:10:24,half-year,,kavf2hbysd,
wdejwlfvhj,_-ApplePay-Art-5000,ApplePay,Art,5000.0,2019-02-03 06:25:49,2019-12-10 02:44:11,half-year,,ku8aw5ze78,
vjuome6e7x,gift-Alipay-_-1800,Alipay,,1800.0,2019-12-10 02:14:18,,month,xjpbsdnctkmnufietskimhgslbbtwkdiubvdcbdlczwoximaif,anwo3un063,gift
axirz79fmg,_-ApplePay-Art-3000,ApplePay,Art,3000.0,2019-01-01 12:43:30,,quarter,ntpflzupxspiieehllseqzgfmdasurvziigxlymzgmscurmwpi,kwpczyghy7,
msu6konugl,debt-Alipay-_-4000,Alipay,,4000.0,2019-08-01 01:04:06,2020-04-22 22:11:35,,,3uir9afutu,debt
1zmqhwsaa3,gift-Alipay-_-2800,Alipay,,2800.0,2020-02-19 16:57:27,2020-08-11 02:28:26,week,barihkbrbcdzrxxnljwxdzilwuohttvjrqdyeywketzxxcqoyz,id37ol9yin,gift
wqwbiuegdt,debt-_-Alipay--2900,,Alipay,-2900.0,2019-03-30 00:46:44,,quarter,mcdkhtwcshqeffxqbztcwjhlxnafpmfyfjfvhfqxaeeejnbbxb,op09n0ea0z,debt
